# Blender 5.0.0
# www.blender.org
mtllib KOZ0382_text.mtl
o Text
v -2.225676 1.086847 0.677088
v -1.964676 1.086847 0.677088
v -2.000777 1.130325 0.677088
v -2.033157 1.170505 0.677088
v -2.061925 1.207754 0.677088
v -2.087194 1.242440 0.677088
v -2.109074 1.274932 0.677088
v -2.127676 1.305597 0.677088
v -2.143111 1.334805 0.677088
v -2.155490 1.362921 0.677088
v -2.164926 1.390316 0.677088
v -2.171527 1.417357 0.677088
v -2.175407 1.444411 0.677088
v -2.176675 1.471847 0.677088
v -2.174932 1.502507 0.677088
v -2.169809 1.531375 0.677088
v -2.161472 1.558285 0.677088
v -2.150083 1.583070 0.677088
v -2.135804 1.605563 0.677088
v -2.118800 1.625597 0.677088
v -2.099234 1.643007 0.677088
v -2.077268 1.657625 0.677088
v -2.053066 1.669285 0.677088
v -2.026791 1.677820 0.677088
v -1.998607 1.683063 0.677088
v -1.968676 1.684847 0.677088
v -1.955004 1.684409 0.677088
v -1.941472 1.683088 0.677088
v -1.928051 1.680879 0.677088
v -1.914713 1.677773 0.677088
v -1.901430 1.673765 0.677088
v -1.888175 1.668847 0.677088
v -1.874921 1.663013 0.677088
v -1.861638 1.656255 0.677088
v -1.848301 1.648566 0.677088
v -1.834879 1.639940 0.677088
v -1.821347 1.630369 0.677088
v -1.807676 1.619847 0.677088
v -1.807676 1.496847 0.677088
v -1.821324 1.513362 0.677088
v -1.834777 1.527968 0.677088
v -1.848051 1.540753 0.677088
v -1.861157 1.551810 0.677088
v -1.874111 1.561228 0.677088
v -1.886926 1.569097 0.677088
v -1.899616 1.575508 0.677088
v -1.912194 1.580551 0.677088
v -1.924676 1.584316 0.677088
v -1.937074 1.586894 0.677088
v -1.949403 1.588374 0.677088
v -1.961676 1.588847 0.677088
v -1.978052 1.587761 0.677088
v -1.993606 1.584574 0.677088
v -2.008223 1.579394 0.677088
v -2.021787 1.572329 0.677088
v -2.034184 1.563486 0.677088
v -2.045300 1.552972 0.677088
v -2.055021 1.540896 0.677088
v -2.063231 1.527366 0.677088
v -2.069817 1.512488 0.677088
v -2.074662 1.496370 0.677088
v -2.077653 1.479121 0.677088
v -2.078676 1.460847 0.677088
v -2.078345 1.447049 0.677088
v -2.077354 1.434054 0.677088
v -2.075699 1.421709 0.677088
v -2.073379 1.409863 0.677088
v -2.070393 1.398364 0.677088
v -2.066738 1.387061 0.677088
v -2.062413 1.375802 0.677088
v -2.057416 1.364434 0.677088
v -2.051746 1.352806 0.677088
v -2.045400 1.340767 0.677088
v -2.038377 1.328165 0.677088
v -2.030675 1.314847 0.677088
v -2.015261 1.289610 0.677088
v -1.998189 1.263533 0.677088
v -1.979722 1.236816 0.677088
v -1.960120 1.209662 0.677088
v -1.939642 1.182272 0.677088
v -1.918550 1.154847 0.677088
v -1.897104 1.127589 0.677088
v -1.875564 1.100699 0.677088
v -1.854191 1.074378 0.677088
v -1.833245 1.048829 0.677088
v -1.812986 1.024251 0.677088
v -1.793676 1.000847 0.677088
v -1.793676 0.993847 0.677088
v -2.225676 0.993847 0.677088
v 1.580325 1.352847 0.677088
v 1.283325 1.675847 0.677088
v 1.405324 1.675847 0.677088
v 1.692324 1.363847 0.677088
v 1.692324 1.675847 0.677088
v 1.790325 1.675847 0.677088
v 1.790325 0.993847 0.677088
v 1.692324 0.993847 0.677088
v 1.692324 1.330847 0.677088
v 1.345324 0.993847 0.677088
v 1.210325 0.993847 0.677088
v 1.164324 1.334847 0.677088
v 1.161421 1.289098 0.677088
v 1.152848 1.244685 0.677088
v 1.138809 1.202113 0.677088
v 1.119510 1.161884 0.677088
v 1.095155 1.124503 0.677088
v 1.065949 1.090472 0.677088
v 1.032098 1.060296 0.677088
v 0.993806 1.034477 0.677088
v 0.951278 1.013519 0.677088
v 0.904718 0.997926 0.677088
v 0.854332 0.988201 0.677088
v 0.800324 0.984847 0.677088
v 0.744538 0.988220 0.677088
v 0.692783 0.997995 0.677088
v 0.645215 1.013660 0.677088
v 0.601991 1.034699 0.677088
v 0.563267 1.060600 0.677088
v 0.529199 1.090847 0.677088
v 0.499944 1.124928 0.677088
v 0.475658 1.162329 0.677088
v 0.456496 1.202535 0.677088
v 0.442616 1.245033 0.677088
v 0.434173 1.289308 0.677088
v 0.431324 1.334847 0.677088
v 0.434248 1.381647 0.677088
v 0.442885 1.426745 0.677088
v 0.457028 1.469691 0.677088
v 0.476473 1.510032 0.677088
v 0.501015 1.547318 0.677088
v 0.530449 1.581097 0.677088
v 0.564572 1.610918 0.677088
v 0.603176 1.636329 0.677088
v 0.646059 1.656879 0.677088
v 0.693015 1.672116 0.677088
v 0.743838 1.681589 0.677088
v 0.798324 1.684847 0.677088
v 0.851951 1.681570 0.677088
v 0.902171 1.672046 0.677088
v 0.948746 1.656738 0.677088
v 0.991435 1.636107 0.677088
v 1.030000 1.610614 0.677088
v 1.064199 1.580722 0.677088
v 1.093795 1.546893 0.677088
v 1.118547 1.509588 0.677088
v 1.138215 1.469269 0.677088
v 1.152561 1.426398 0.677088
v 1.161343 1.381437 0.677088
v 1.063324 1.334847 0.677088
v 1.060950 1.367752 0.677088
v 1.054013 1.392180 0.677088
v 1.042792 1.409201 0.677088
v 1.027567 1.419886 0.677088
v 1.008617 1.425305 0.677088
v 0.986222 1.426528 0.677088
v 0.960659 1.424627 0.677088
v 0.932209 1.420671 0.677088
v 0.901151 1.415731 0.677088
v 0.867763 1.410877 0.677088
v 0.832326 1.407179 0.677088
v 0.795119 1.405709 0.677088
v 0.757807 1.407179 0.677088
v 0.722527 1.410877 0.677088
v 0.689510 1.415731 0.677088
v 0.658986 1.420671 0.677088
v 0.631188 1.424627 0.677088
v 0.606346 1.426528 0.677088
v 0.584692 1.425305 0.677088
v 0.566456 1.419886 0.677088
v 0.551870 1.409201 0.677088
v 0.541166 1.392180 0.677088
v 0.534573 1.367752 0.677088
v 0.532324 1.334847 0.677088
v 0.535078 1.303288 0.677088
v 0.543065 1.282136 0.677088
v 0.555878 1.269932 0.677088
v 0.573105 1.265214 0.677088
v 0.594339 1.266521 0.677088
v 0.619170 1.272393 0.677088
v 0.647188 1.281369 0.677088
v 0.677984 1.291989 0.677088
v 0.711149 1.302792 0.677088
v 0.746274 1.312316 0.677088
v 0.782949 1.319102 0.677088
v 0.820765 1.321689 0.677088
v 0.857468 1.319102 0.677088
v 0.891510 1.312316 0.677088
v 0.922790 1.302792 0.677088
v 0.951206 1.291989 0.677088
v 0.976658 1.281369 0.677088
v 0.999045 1.272393 0.677088
v 1.018264 1.266521 0.677088
v 1.034216 1.265214 0.677088
v 1.046799 1.269932 0.677088
v 1.055912 1.282136 0.677088
v 1.061455 1.303288 0.677088
v -0.063676 1.587847 0.677088
v 0.370324 0.993847 0.677088
v -0.244676 0.993847 0.677088
v -0.244676 1.081847 0.677088
v 0.189324 1.081847 0.677088
v -0.244676 1.675847 0.677088
v 0.343324 1.675847 0.677088
v 0.343324 1.587847 0.677088
v -0.729676 1.334847 0.677088
v -0.727868 1.385849 0.677088
v -0.722546 1.433690 0.677088
v -0.713863 1.478129 0.677088
v -0.701972 1.518921 0.677088
v -0.687025 1.555825 0.677088
v -0.669176 1.588597 0.677088
v -0.648576 1.616994 0.677088
v -0.625379 1.640773 0.677088
v -0.599738 1.659691 0.677088
v -0.571805 1.673505 0.677088
v -0.541734 1.681971 0.677088
v -0.509676 1.684847 0.677088
v -0.477239 1.682223 0.677088
v -0.446121 1.674455 0.677088
v -0.416607 1.661695 0.677088
v -0.388985 1.644098 0.677088
v -0.363540 1.621818 0.677088
v -0.340558 1.595009 0.677088
v -0.320326 1.563825 0.677088
v -0.303131 1.528420 0.677088
v -0.289259 1.488948 0.677088
v -0.278995 1.445563 0.677088
v -0.272627 1.398419 0.677088
v -0.270441 1.347670 0.677088
v -0.272627 1.296417 0.677088
v -0.278995 1.247878 0.677088
v -0.289259 1.202385 0.677088
v -0.303131 1.160272 0.677088
v -0.320327 1.121869 0.677088
v -0.340558 1.087509 0.677088
v -0.363540 1.057524 0.677088
v -0.388985 1.032246 0.677088
v -0.416608 1.012007 0.677088
v -0.446121 0.997140 0.677088
v -0.477239 0.987976 0.677088
v -0.509676 0.984847 0.677088
v -0.541733 0.987723 0.677088
v -0.571805 0.996190 0.677088
v -0.599738 1.010004 0.677088
v -0.625379 1.028921 0.677088
v -0.648576 1.052700 0.677088
v -0.669176 1.081097 0.677088
v -0.687025 1.113869 0.677088
v -0.701972 1.150773 0.677088
v -0.713863 1.191566 0.677088
v -0.722546 1.236005 0.677088
v -0.727867 1.283846 0.677088
v -0.509856 1.338053 0.677088
v -0.511304 1.299322 0.677088
v -0.515121 1.263223 0.677088
v -0.520516 1.229896 0.677088
v -0.526698 1.199481 0.677088
v -0.532879 1.172119 0.677088
v -0.538266 1.147950 0.677088
v -0.542070 1.127115 0.677088
v -0.543500 1.109752 0.677088
v -0.541767 1.096004 0.677088
v -0.536078 1.086011 0.677088
v -0.525645 1.079911 0.677088
v -0.509676 1.077847 0.677088
v -0.493328 1.080290 0.677088
v -0.481849 1.087435 0.677088
v -0.474579 1.099010 0.677088
v -0.470864 1.114739 0.677088
v -0.470046 1.134350 0.677088
v -0.471468 1.157567 0.677088
v -0.474473 1.184118 0.677088
v -0.478405 1.213729 0.677088
v -0.482606 1.246125 0.677088
v -0.486421 1.281033 0.677088
v -0.489191 1.318178 0.677088
v -0.490260 1.357287 0.677088
v -0.489191 1.395514 0.677088
v -0.486421 1.430218 0.677088
v -0.482607 1.461437 0.677088
v -0.478405 1.489210 0.677088
v -0.474474 1.513574 0.677088
v -0.471468 1.534567 0.677088
v -0.470046 1.552227 0.677088
v -0.470865 1.566591 0.677088
v -0.474580 1.577697 0.677088
v -0.481849 1.585584 0.677088
v -0.493329 1.590288 0.677088
v -0.509676 1.591847 0.677088
v -0.525644 1.589909 0.677088
v -0.536078 1.584159 0.677088
v -0.541766 1.574692 0.677088
v -0.543500 1.561604 0.677088
v -0.542070 1.544992 0.677088
v -0.538266 1.524950 0.677088
v -0.532879 1.501575 0.677088
v -0.526698 1.474963 0.677088
v -0.520515 1.445208 0.677088
v -0.515120 1.412408 0.677088
v -0.511304 1.376658 0.677088
v -0.840676 1.562847 0.677088
v -0.852125 1.567829 0.677088
v -0.863018 1.572287 0.677088
v -0.873426 1.576238 0.677088
v -0.883417 1.579699 0.677088
v -0.893060 1.582688 0.677088
v -0.902426 1.585222 0.677088
v -0.911583 1.587319 0.677088
v -0.920602 1.588995 0.677088
v -0.929551 1.590269 0.677088
v -0.938500 1.591158 0.677088
v -0.947518 1.591678 0.677088
v -0.956676 1.591847 0.677088
v -0.974122 1.591043 0.677088
v -0.990416 1.588667 0.677088
v -1.005488 1.584769 0.677088
v -1.019268 1.579403 0.677088
v -1.031687 1.572620 0.677088
v -1.042676 1.564472 0.677088
v -1.052164 1.555012 0.677088
v -1.060083 1.544292 0.677088
v -1.066363 1.532363 0.677088
v -1.070935 1.519278 0.677088
v -1.073729 1.505089 0.677088
v -1.074676 1.489847 0.677088
v -1.073738 1.474875 0.677088
v -1.070926 1.460986 0.677088
v -1.066238 1.448222 0.677088
v -1.059676 1.436625 0.677088
v -1.051238 1.426236 0.677088
v -1.040926 1.417097 0.677088
v -1.028738 1.409250 0.677088
v -1.014676 1.402736 0.677088
v -0.998738 1.397597 0.677088
v -0.980926 1.393875 0.677088
v -0.961239 1.391611 0.677088
v -0.939676 1.390847 0.677088
v -0.939676 1.300847 0.677088
v -0.962925 1.300934 0.677088
v -0.984171 1.298792 0.677088
v -1.003410 1.294566 0.677088
v -1.020639 1.288403 0.677088
v -1.035853 1.280448 0.677088
v -1.049051 1.270847 0.677088
v -1.060227 1.259747 0.677088
v -1.069379 1.247292 0.677088
v -1.076504 1.233629 0.677088
v -1.081597 1.218903 0.677088
v -1.084655 1.203260 0.677088
v -1.085676 1.186847 0.677088
v -1.084791 1.170838 0.677088
v -1.082180 1.155857 0.677088
v -1.077910 1.141972 0.677088
v -1.072046 1.129255 0.677088
v -1.064654 1.117773 0.677088
v -1.055801 1.107597 0.677088
v -1.045551 1.098796 0.677088
v -1.033972 1.091440 0.677088
v -1.021129 1.085597 0.677088
v -1.007088 1.081338 0.677088
v -0.991915 1.078732 0.677088
v -0.975676 1.077847 0.677088
v -0.963174 1.078202 0.677088
v -0.950666 1.079269 0.677088
v -0.938144 1.081050 0.677088
v -0.925601 1.083551 0.677088
v -0.913031 1.086774 0.677088
v -0.900425 1.090722 0.677088
v -0.887778 1.095400 0.677088
v -0.875083 1.100810 0.677088
v -0.862332 1.106957 0.677088
v -0.849518 1.113843 0.677088
v -0.836635 1.121472 0.677088
v -0.823676 1.129847 0.677088
v -0.823676 1.023847 0.677088
v -0.835924 1.017828 0.677088
v -0.848166 1.012278 0.677088
v -0.860394 1.007207 0.677088
v -0.872601 1.002625 0.677088
v -0.884781 0.998544 0.677088
v -0.896926 0.994972 0.677088
v -0.909029 0.991922 0.677088
v -0.921083 0.989403 0.677088
v -0.933082 0.987425 0.677088
v -0.945018 0.986000 0.677088
v -0.956885 0.985137 0.677088
v -0.968676 0.984847 0.677088
v -0.999375 0.986590 0.677088
v -1.028352 0.991708 0.677088
v -1.055426 1.000035 0.677088
v -1.080417 1.011403 0.677088
v -1.103143 1.025646 0.677088
v -1.123426 1.042597 0.677088
v -1.141083 1.062090 0.677088
v -1.155935 1.083958 0.677088
v -1.167801 1.108035 0.677088
v -1.176500 1.134153 0.677088
v -1.181852 1.162146 0.677088
v -1.183676 1.191847 0.677088
v -1.183046 1.209339 0.677088
v -1.181139 1.226694 0.677088
v -1.177926 1.243738 0.677088
v -1.173379 1.260292 0.677088
v -1.167472 1.276179 0.677088
v -1.160176 1.291222 0.677088
v -1.151463 1.305245 0.677088
v -1.141305 1.318069 0.677088
v -1.129676 1.329519 0.677088
v -1.116546 1.339417 0.677088
v -1.101889 1.347585 0.677088
v -1.085676 1.353847 0.677088
v -1.100412 1.362549 0.677088
v -1.113648 1.371708 0.677088
v -1.125426 1.381410 0.677088
v -1.135787 1.391736 0.677088
v -1.144773 1.402771 0.677088
v -1.152426 1.414597 0.677088
v -1.158787 1.427299 0.677088
v -1.163898 1.440958 0.677088
v -1.167801 1.455660 0.677088
v -1.170537 1.471486 0.677088
v -1.172148 1.488521 0.677088
v -1.172676 1.506847 0.677088
v -1.171051 1.533037 0.677088
v -1.166259 1.557532 0.677088
v -1.158426 1.580222 0.677088
v -1.147676 1.600995 0.677088
v -1.134134 1.619741 0.677088
v -1.117926 1.636347 0.677088
v -1.099176 1.650704 0.677088
v -1.078009 1.662699 0.677088
v -1.054551 1.672222 0.677088
v -1.028926 1.679162 0.677088
v -1.001259 1.683408 0.677088
v -0.971676 1.684847 0.677088
v -0.959167 1.684659 0.677088
v -0.947111 1.684088 0.677088
v -0.935457 1.683129 0.677088
v -0.924157 1.681773 0.677088
v -0.913163 1.680015 0.677088
v -0.902426 1.677847 0.677088
v -0.891897 1.675263 0.677088
v -0.881527 1.672255 0.677088
v -0.871269 1.668816 0.677088
v -0.861074 1.664940 0.677088
v -0.850892 1.660619 0.677088
v -0.840676 1.655847 0.677088
v -1.727676 1.177847 0.677088
v -1.727009 1.194939 0.677088
v -1.725013 1.211662 0.677088
v -1.721691 1.227941 0.677088
v -1.717046 1.243699 0.677088
v -1.711081 1.258860 0.677088
v -1.703800 1.273347 0.677088
v -1.695207 1.287085 0.677088
v -1.685305 1.299995 0.677088
v -1.674097 1.312004 0.677088
v -1.661587 1.323032 0.677088
v -1.647779 1.333006 0.677088
v -1.632676 1.341847 0.677088
v -1.646532 1.351709 0.677088
v -1.659111 1.362241 0.677088
v -1.670426 1.373363 0.677088
v -1.680491 1.384995 0.677088
v -1.689319 1.397059 0.677088
v -1.696926 1.409472 0.677088
v -1.703324 1.422157 0.677088
v -1.708528 1.435032 0.677088
v -1.712551 1.448019 0.677088
v -1.715407 1.461037 0.677088
v -1.717111 1.474007 0.677088
v -1.717676 1.486847 0.677088
v -1.715917 1.514481 0.677088
v -1.710773 1.540750 0.677088
v -1.702441 1.565457 0.677088
v -1.691120 1.588403 0.677088
v -1.677007 1.609391 0.677088
v -1.660301 1.628222 0.677088
v -1.641198 1.644700 0.677088
v -1.619898 1.658625 0.677088
v -1.596598 1.669800 0.677088
v -1.571495 1.678028 0.677088
v -1.544788 1.683109 0.677088
v -1.516676 1.684847 0.677088
v -1.487565 1.683130 0.677088
v -1.459875 1.678107 0.677088
v -1.433816 1.669972 0.677088
v -1.409602 1.658921 0.677088
v -1.387442 1.645148 0.677088
v -1.367551 1.628847 0.677088
v -1.350138 1.610213 0.677088
v -1.335416 1.589440 0.677088
v -1.323598 1.566722 0.677088
v -1.314893 1.542255 0.677088
v -1.309516 1.516232 0.677088
v -1.307676 1.488847 0.677088
v -1.308296 1.474478 0.677088
v -1.310134 1.460389 0.677088
v -1.313160 1.446613 0.677088
v -1.317342 1.433181 0.677088
v -1.322650 1.420123 0.677088
v -1.329051 1.407472 0.677088
v -1.336514 1.395259 0.677088
v -1.345009 1.383514 0.677088
v -1.354504 1.372269 0.677088
v -1.364967 1.361556 0.677088
v -1.376368 1.351405 0.677088
v -1.388676 1.341847 0.677088
v -1.373113 1.332032 0.677088
v -1.358921 1.321579 0.677088
v -1.346097 1.310472 0.677088
v -1.334638 1.298699 0.677088
v -1.324541 1.286245 0.677088
v -1.315801 1.273097 0.677088
v -1.308415 1.259241 0.677088
v -1.302379 1.244662 0.677088
v -1.297691 1.229347 0.677088
v -1.294347 1.213282 0.677088
v -1.292343 1.196454 0.677088
v -1.291676 1.178847 0.677088
v -1.293636 1.152133 0.677088
v -1.299361 1.126630 0.677088
v -1.308613 1.102550 0.677088
v -1.321157 1.080106 0.677088
v -1.336757 1.059510 0.677088
v -1.355176 1.040972 0.677088
v -1.376178 1.024706 0.677088
v -1.399527 1.010921 0.677088
v -1.424988 0.999832 0.677088
v -1.452324 0.991648 0.677088
v -1.481298 0.986583 0.677088
v -1.511676 0.984847 0.677088
v -1.541554 0.986563 0.677088
v -1.570037 0.991574 0.677088
v -1.596894 0.999675 0.677088
v -1.621898 1.010662 0.677088
v -1.644818 1.024329 0.677088
v -1.665426 1.040472 0.677088
v -1.683492 1.058886 0.677088
v -1.698787 1.079366 0.677088
v -1.711082 1.101707 0.677088
v -1.720147 1.125704 0.677088
v -1.725755 1.151152 0.677088
v -1.619676 1.488847 0.677088
v -1.618697 1.475286 0.677088
v -1.615847 1.462195 0.677088
v -1.611254 1.449707 0.677088
v -1.605046 1.437958 0.677088
v -1.597352 1.427085 0.677088
v -1.588301 1.417222 0.677088
v -1.578020 1.408505 0.677088
v -1.566639 1.401070 0.677088
v -1.554285 1.395050 0.677088
v -1.541088 1.390583 0.677088
v -1.527175 1.387804 0.677088
v -1.512676 1.386847 0.677088
v -1.498386 1.387824 0.677088
v -1.484611 1.390662 0.677088
v -1.471488 1.395222 0.677088
v -1.459157 1.401366 0.677088
v -1.447756 1.408954 0.677088
v -1.437425 1.417847 0.677088
v -1.428303 1.427907 0.677088
v -1.420527 1.438995 0.677088
v -1.414238 1.450972 0.677088
v -1.409574 1.463699 0.677088
v -1.406673 1.477037 0.677088
v -1.405676 1.490847 0.677088
v -1.406579 1.503126 0.677088
v -1.409236 1.510011 0.677088
v -1.413566 1.512327 0.677088
v -1.419490 1.510899 0.677088
v -1.426929 1.506551 0.677088
v -1.435801 1.500108 0.677088
v -1.446027 1.492393 0.677088
v -1.457528 1.484233 0.677088
v -1.470223 1.476451 0.677088
v -1.484032 1.469871 0.677088
v -1.498877 1.465319 0.677088
v -1.514676 1.463618 0.677088
v -1.529556 1.465241 0.677088
v -1.543634 1.469584 0.677088
v -1.556816 1.475857 0.677088
v -1.569009 1.483270 0.677088
v -1.580119 1.491034 0.677088
v -1.590051 1.498358 0.677088
v -1.598712 1.504453 0.677088
v -1.606009 1.508529 0.677088
v -1.611848 1.509796 0.677088
v -1.616134 1.507465 0.677088
v -1.618775 1.500745 0.677088
v -1.629676 1.185847 0.677088
v -1.628823 1.171748 0.677088
v -1.626273 1.158056 0.677088
v -1.622035 1.144925 0.677088
v -1.616120 1.132514 0.677088
v -1.608539 1.120978 0.677088
v -1.599301 1.110472 0.677088
v -1.588417 1.101155 0.677088
v -1.575898 1.093181 0.677088
v -1.561754 1.086707 0.677088
v -1.545995 1.081889 0.677088
v -1.528632 1.078884 0.677088
v -1.509676 1.077847 0.677088
v -1.492610 1.078769 0.677088
v -1.476481 1.081472 0.677088
v -1.461394 1.085863 0.677088
v -1.447453 1.091847 0.677088
v -1.434762 1.099332 0.677088
v -1.423425 1.108222 0.677088
v -1.413547 1.118425 0.677088
v -1.405231 1.129847 0.677088
v -1.398582 1.142394 0.677088
v -1.393703 1.155972 0.677088
v -1.390700 1.170488 0.677088
v -1.389676 1.185847 0.677088
v -1.390663 1.201417 0.677088
v -1.393574 1.216069 0.677088
v -1.398332 1.229722 0.677088
v -1.404861 1.242292 0.677088
v -1.413084 1.253695 0.677088
v -1.422926 1.263847 0.677088
v -1.434309 1.272667 0.677088
v -1.447157 1.280069 0.677088
v -1.461394 1.285972 0.677088
v -1.476944 1.290292 0.677088
v -1.493730 1.292944 0.677088
v -1.511676 1.293847 0.677088
v -1.528492 1.292906 0.677088
v -1.544375 1.290153 0.677088
v -1.559223 1.285691 0.677088
v -1.572935 1.279625 0.677088
v -1.585411 1.272059 0.677088
v -1.596551 1.263097 0.677088
v -1.606253 1.252844 0.677088
v -1.614416 1.241403 0.677088
v -1.620941 1.228879 0.677088
v -1.625726 1.215375 0.677088
v -1.628671 1.200997 0.677088
v -2.225676 1.086847 -0.594461
v -1.964676 1.086847 -0.594461
v -2.000777 1.130325 -0.594461
v -2.033157 1.170505 -0.594461
v -2.061926 1.207754 -0.594461
v -2.087194 1.242440 -0.594461
v -2.109074 1.274932 -0.594461
v -2.127676 1.305597 -0.594461
v -2.143111 1.334804 -0.594461
v -2.155491 1.362921 -0.594461
v -2.164926 1.390316 -0.594461
v -2.171528 1.417356 -0.594461
v -2.175407 1.444411 -0.594461
v -2.176676 1.471847 -0.594461
v -2.174932 1.502507 -0.594461
v -2.169810 1.531375 -0.594461
v -2.161472 1.558285 -0.594461
v -2.150083 1.583069 -0.594461
v -2.135804 1.605563 -0.594461
v -2.118800 1.625597 -0.594461
v -2.099234 1.643007 -0.594461
v -2.077268 1.657625 -0.594461
v -2.053066 1.669285 -0.594461
v -2.026791 1.677819 -0.594461
v -1.998607 1.683063 -0.594461
v -1.968676 1.684847 -0.594461
v -1.955004 1.684409 -0.594461
v -1.941472 1.683088 -0.594461
v -1.928051 1.680879 -0.594461
v -1.914713 1.677773 -0.594461
v -1.901430 1.673765 -0.594461
v -1.888175 1.668847 -0.594461
v -1.874921 1.663013 -0.594461
v -1.861639 1.656255 -0.594461
v -1.848301 1.648566 -0.594461
v -1.834879 1.639940 -0.594461
v -1.821347 1.630369 -0.594461
v -1.807676 1.619847 -0.594461
v -1.807676 1.496847 -0.594461
v -1.821324 1.513362 -0.594461
v -1.834778 1.527968 -0.594461
v -1.848051 1.540753 -0.594461
v -1.861157 1.551810 -0.594461
v -1.874111 1.561228 -0.594461
v -1.886926 1.569097 -0.594461
v -1.899616 1.575508 -0.594461
v -1.912194 1.580551 -0.594461
v -1.924676 1.584316 -0.594461
v -1.937074 1.586894 -0.594461
v -1.949403 1.588374 -0.594461
v -1.961676 1.588847 -0.594461
v -1.978052 1.587761 -0.594461
v -1.993606 1.584574 -0.594461
v -2.008223 1.579394 -0.594461
v -2.021787 1.572329 -0.594461
v -2.034184 1.563486 -0.594461
v -2.045301 1.552972 -0.594461
v -2.055021 1.540896 -0.594461
v -2.063231 1.527366 -0.594461
v -2.069817 1.512488 -0.594461
v -2.074662 1.496370 -0.594461
v -2.077653 1.479121 -0.594461
v -2.078676 1.460847 -0.594461
v -2.078346 1.447049 -0.594461
v -2.077354 1.434053 -0.594461
v -2.075699 1.421709 -0.594461
v -2.073379 1.409863 -0.594461
v -2.070393 1.398364 -0.594461
v -2.066738 1.387061 -0.594461
v -2.062413 1.375801 -0.594461
v -2.057416 1.364434 -0.594461
v -2.051746 1.352806 -0.594461
v -2.045400 1.340767 -0.594461
v -2.038378 1.328165 -0.594461
v -2.030676 1.314847 -0.594461
v -2.015261 1.289610 -0.594461
v -1.998189 1.263532 -0.594461
v -1.979722 1.236816 -0.594461
v -1.960120 1.209662 -0.594461
v -1.939642 1.182272 -0.594461
v -1.918550 1.154847 -0.594461
v -1.897104 1.127589 -0.594461
v -1.875564 1.100699 -0.594461
v -1.854191 1.074378 -0.594461
v -1.833245 1.048829 -0.594461
v -1.812986 1.024251 -0.594461
v -1.793676 1.000847 -0.594461
v -1.793676 0.993847 -0.594461
v -2.225676 0.993847 -0.594461
v 1.580325 1.352847 -0.594461
v 1.283325 1.675847 -0.594461
v 1.405324 1.675847 -0.594461
v 1.692324 1.363847 -0.594461
v 1.692324 1.675847 -0.594461
v 1.790325 1.675847 -0.594461
v 1.790325 0.993847 -0.594461
v 1.692324 0.993847 -0.594461
v 1.692324 1.330847 -0.594461
v 1.345324 0.993847 -0.594461
v 1.210325 0.993847 -0.594461
v 1.164324 1.334847 -0.594461
v 1.161421 1.289098 -0.594461
v 1.152848 1.244685 -0.594461
v 1.138809 1.202113 -0.594461
v 1.119510 1.161884 -0.594461
v 1.095155 1.124503 -0.594461
v 1.065949 1.090472 -0.594461
v 1.032098 1.060296 -0.594461
v 0.993806 1.034477 -0.594461
v 0.951278 1.013519 -0.594461
v 0.904718 0.997926 -0.594461
v 0.854332 0.988201 -0.594461
v 0.800324 0.984847 -0.594461
v 0.744538 0.988220 -0.594461
v 0.692783 0.997995 -0.594461
v 0.645215 1.013660 -0.594461
v 0.601991 1.034699 -0.594461
v 0.563267 1.060600 -0.594461
v 0.529199 1.090847 -0.594461
v 0.499944 1.124928 -0.594461
v 0.475658 1.162329 -0.594461
v 0.456496 1.202535 -0.594461
v 0.442616 1.245032 -0.594461
v 0.434173 1.289308 -0.594461
v 0.431324 1.334847 -0.594461
v 0.434248 1.381647 -0.594461
v 0.442885 1.426745 -0.594461
v 0.457028 1.469691 -0.594461
v 0.476473 1.510032 -0.594461
v 0.501015 1.547318 -0.594461
v 0.530449 1.581097 -0.594461
v 0.564572 1.610918 -0.594461
v 0.603176 1.636329 -0.594461
v 0.646059 1.656878 -0.594461
v 0.693015 1.672116 -0.594461
v 0.743838 1.681589 -0.594461
v 0.798324 1.684847 -0.594461
v 0.851951 1.681570 -0.594461
v 0.902171 1.672046 -0.594461
v 0.948746 1.656738 -0.594461
v 0.991435 1.636106 -0.594461
v 1.030000 1.610614 -0.594461
v 1.064199 1.580722 -0.594461
v 1.093795 1.546893 -0.594461
v 1.118547 1.509588 -0.594461
v 1.138215 1.469269 -0.594461
v 1.152561 1.426398 -0.594461
v 1.161343 1.381437 -0.594461
v 1.063324 1.334847 -0.594461
v 1.060950 1.367752 -0.594461
v 1.054013 1.392180 -0.594461
v 1.042792 1.409201 -0.594461
v 1.027567 1.419885 -0.594461
v 1.008617 1.425304 -0.594461
v 0.986222 1.426528 -0.594461
v 0.960659 1.424627 -0.594461
v 0.932209 1.420671 -0.594461
v 0.901151 1.415730 -0.594461
v 0.867763 1.410877 -0.594461
v 0.832326 1.407179 -0.594461
v 0.795119 1.405709 -0.594461
v 0.757807 1.407179 -0.594461
v 0.722527 1.410877 -0.594461
v 0.689510 1.415731 -0.594461
v 0.658986 1.420671 -0.594461
v 0.631188 1.424627 -0.594461
v 0.606346 1.426528 -0.594461
v 0.584692 1.425305 -0.594461
v 0.566456 1.419886 -0.594461
v 0.551870 1.409201 -0.594461
v 0.541166 1.392180 -0.594461
v 0.534573 1.367752 -0.594461
v 0.532324 1.334847 -0.594461
v 0.535078 1.303288 -0.594461
v 0.543065 1.282136 -0.594461
v 0.555878 1.269932 -0.594461
v 0.573105 1.265213 -0.594461
v 0.594339 1.266521 -0.594461
v 0.619170 1.272393 -0.594461
v 0.647188 1.281369 -0.594461
v 0.677984 1.291989 -0.594461
v 0.711149 1.302792 -0.594461
v 0.746274 1.312316 -0.594461
v 0.782949 1.319102 -0.594461
v 0.820765 1.321689 -0.594461
v 0.857468 1.319102 -0.594461
v 0.891510 1.312316 -0.594461
v 0.922790 1.302792 -0.594461
v 0.951206 1.291989 -0.594461
v 0.976658 1.281369 -0.594461
v 0.999045 1.272393 -0.594461
v 1.018264 1.266521 -0.594461
v 1.034216 1.265213 -0.594461
v 1.046799 1.269932 -0.594461
v 1.055912 1.282136 -0.594461
v 1.061455 1.303288 -0.594461
v -0.063676 1.587847 -0.594461
v 0.370324 0.993847 -0.594461
v -0.244676 0.993847 -0.594461
v -0.244676 1.081847 -0.594461
v 0.189324 1.081847 -0.594461
v -0.244676 1.675847 -0.594461
v 0.343324 1.675847 -0.594461
v 0.343324 1.587847 -0.594461
v -0.729676 1.334847 -0.594461
v -0.727868 1.385848 -0.594461
v -0.722546 1.433690 -0.594461
v -0.713863 1.478128 -0.594461
v -0.701972 1.518921 -0.594461
v -0.687025 1.555825 -0.594461
v -0.669176 1.588597 -0.594461
v -0.648576 1.616994 -0.594461
v -0.625379 1.640773 -0.594461
v -0.599738 1.659691 -0.594461
v -0.571805 1.673505 -0.594461
v -0.541734 1.681971 -0.594461
v -0.509676 1.684847 -0.594461
v -0.477239 1.682223 -0.594461
v -0.446121 1.674455 -0.594461
v -0.416607 1.661695 -0.594461
v -0.388985 1.644098 -0.594461
v -0.363540 1.621818 -0.594461
v -0.340558 1.595009 -0.594461
v -0.320326 1.563825 -0.594461
v -0.303131 1.528420 -0.594461
v -0.289259 1.488948 -0.594461
v -0.278995 1.445563 -0.594461
v -0.272627 1.398419 -0.594461
v -0.270441 1.347670 -0.594461
v -0.272627 1.296417 -0.594461
v -0.278995 1.247878 -0.594461
v -0.289259 1.202385 -0.594461
v -0.303131 1.160272 -0.594461
v -0.320327 1.121869 -0.594461
v -0.340558 1.087509 -0.594461
v -0.363540 1.057524 -0.594461
v -0.388985 1.032246 -0.594461
v -0.416608 1.012007 -0.594461
v -0.446121 0.997140 -0.594461
v -0.477239 0.987976 -0.594461
v -0.509676 0.984847 -0.594461
v -0.541733 0.987723 -0.594461
v -0.571805 0.996190 -0.594461
v -0.599738 1.010003 -0.594461
v -0.625379 1.028921 -0.594461
v -0.648576 1.052700 -0.594461
v -0.669176 1.081097 -0.594461
v -0.687025 1.113869 -0.594461
v -0.701972 1.150773 -0.594461
v -0.713863 1.191566 -0.594461
v -0.722546 1.236005 -0.594461
v -0.727867 1.283846 -0.594461
v -0.509856 1.338053 -0.594461
v -0.511304 1.299322 -0.594461
v -0.515121 1.263223 -0.594461
v -0.520516 1.229896 -0.594461
v -0.526698 1.199481 -0.594461
v -0.532879 1.172119 -0.594461
v -0.538266 1.147950 -0.594461
v -0.542070 1.127114 -0.594461
v -0.543500 1.109752 -0.594461
v -0.541767 1.096004 -0.594461
v -0.536078 1.086011 -0.594461
v -0.525645 1.079911 -0.594461
v -0.509676 1.077847 -0.594461
v -0.493328 1.080290 -0.594461
v -0.481849 1.087435 -0.594461
v -0.474579 1.099010 -0.594461
v -0.470864 1.114739 -0.594461
v -0.470046 1.134350 -0.594461
v -0.471468 1.157567 -0.594461
v -0.474473 1.184118 -0.594461
v -0.478405 1.213729 -0.594461
v -0.482606 1.246125 -0.594461
v -0.486421 1.281033 -0.594461
v -0.489191 1.318178 -0.594461
v -0.490260 1.357287 -0.594461
v -0.489191 1.395514 -0.594461
v -0.486421 1.430218 -0.594461
v -0.482607 1.461437 -0.594461
v -0.478405 1.489210 -0.594461
v -0.474474 1.513574 -0.594461
v -0.471468 1.534567 -0.594461
v -0.470046 1.552227 -0.594461
v -0.470865 1.566591 -0.594461
v -0.474580 1.577697 -0.594461
v -0.481849 1.585584 -0.594461
v -0.493329 1.590288 -0.594461
v -0.509676 1.591847 -0.594461
v -0.525644 1.589909 -0.594461
v -0.536078 1.584159 -0.594461
v -0.541766 1.574692 -0.594461
v -0.543500 1.561604 -0.594461
v -0.542070 1.544992 -0.594461
v -0.538266 1.524950 -0.594461
v -0.532879 1.501575 -0.594461
v -0.526698 1.474963 -0.594461
v -0.520515 1.445208 -0.594461
v -0.515120 1.412408 -0.594461
v -0.511304 1.376658 -0.594461
v -0.840676 1.562847 -0.594461
v -0.852125 1.567829 -0.594461
v -0.863018 1.572287 -0.594461
v -0.873426 1.576238 -0.594461
v -0.883417 1.579699 -0.594461
v -0.893060 1.582688 -0.594461
v -0.902426 1.585222 -0.594461
v -0.911583 1.587319 -0.594461
v -0.920602 1.588995 -0.594461
v -0.929551 1.590269 -0.594461
v -0.938500 1.591157 -0.594461
v -0.947518 1.591678 -0.594461
v -0.956676 1.591847 -0.594461
v -0.974122 1.591043 -0.594461
v -0.990416 1.588667 -0.594461
v -1.005488 1.584769 -0.594461
v -1.019268 1.579403 -0.594461
v -1.031687 1.572620 -0.594461
v -1.042676 1.564472 -0.594461
v -1.052164 1.555012 -0.594461
v -1.060083 1.544292 -0.594461
v -1.066363 1.532363 -0.594461
v -1.070935 1.519278 -0.594461
v -1.073729 1.505089 -0.594461
v -1.074676 1.489847 -0.594461
v -1.073738 1.474875 -0.594461
v -1.070926 1.460986 -0.594461
v -1.066238 1.448222 -0.594461
v -1.059676 1.436625 -0.594461
v -1.051238 1.426236 -0.594461
v -1.040926 1.417097 -0.594461
v -1.028738 1.409250 -0.594461
v -1.014676 1.402736 -0.594461
v -0.998738 1.397597 -0.594461
v -0.980926 1.393875 -0.594461
v -0.961239 1.391611 -0.594461
v -0.939676 1.390847 -0.594461
v -0.939676 1.300847 -0.594461
v -0.962925 1.300934 -0.594461
v -0.984171 1.298792 -0.594461
v -1.003410 1.294566 -0.594461
v -1.020639 1.288403 -0.594461
v -1.035853 1.280448 -0.594461
v -1.049051 1.270847 -0.594461
v -1.060227 1.259747 -0.594461
v -1.069379 1.247292 -0.594461
v -1.076504 1.233629 -0.594461
v -1.081597 1.218903 -0.594461
v -1.084655 1.203260 -0.594461
v -1.085676 1.186847 -0.594461
v -1.084791 1.170838 -0.594461
v -1.082180 1.155856 -0.594461
v -1.077910 1.141972 -0.594461
v -1.072046 1.129255 -0.594461
v -1.064654 1.117773 -0.594461
v -1.055801 1.107597 -0.594461
v -1.045551 1.098796 -0.594461
v -1.033972 1.091440 -0.594461
v -1.021129 1.085597 -0.594461
v -1.007088 1.081338 -0.594461
v -0.991915 1.078732 -0.594461
v -0.975676 1.077847 -0.594461
v -0.963174 1.078202 -0.594461
v -0.950666 1.079268 -0.594461
v -0.938144 1.081050 -0.594461
v -0.925601 1.083551 -0.594461
v -0.913031 1.086774 -0.594461
v -0.900425 1.090722 -0.594461
v -0.887778 1.095400 -0.594461
v -0.875083 1.100810 -0.594461
v -0.862332 1.106957 -0.594461
v -0.849518 1.113843 -0.594461
v -0.836635 1.121472 -0.594461
v -0.823676 1.129847 -0.594461
v -0.823676 1.023847 -0.594461
v -0.835924 1.017828 -0.594461
v -0.848166 1.012278 -0.594461
v -0.860394 1.007207 -0.594461
v -0.872601 1.002625 -0.594461
v -0.884781 0.998543 -0.594461
v -0.896926 0.994972 -0.594461
v -0.909029 0.991922 -0.594461
v -0.921083 0.989403 -0.594461
v -0.933082 0.987425 -0.594461
v -0.945018 0.986000 -0.594461
v -0.956885 0.985137 -0.594461
v -0.968676 0.984847 -0.594461
v -0.999375 0.986590 -0.594461
v -1.028352 0.991708 -0.594461
v -1.055426 1.000035 -0.594461
v -1.080417 1.011403 -0.594461
v -1.103143 1.025646 -0.594461
v -1.123426 1.042597 -0.594461
v -1.141083 1.062090 -0.594461
v -1.155935 1.083958 -0.594461
v -1.167801 1.108035 -0.594461
v -1.176500 1.134153 -0.594461
v -1.181852 1.162146 -0.594461
v -1.183676 1.191847 -0.594461
v -1.183046 1.209339 -0.594461
v -1.181139 1.226694 -0.594461
v -1.177926 1.243738 -0.594461
v -1.173379 1.260292 -0.594461
v -1.167472 1.276179 -0.594461
v -1.160176 1.291222 -0.594461
v -1.151463 1.305245 -0.594461
v -1.141305 1.318069 -0.594461
v -1.129676 1.329519 -0.594461
v -1.116546 1.339417 -0.594461
v -1.101889 1.347585 -0.594461
v -1.085676 1.353847 -0.594461
v -1.100412 1.362549 -0.594461
v -1.113648 1.371708 -0.594461
v -1.125426 1.381410 -0.594461
v -1.135787 1.391736 -0.594461
v -1.144773 1.402771 -0.594461
v -1.152426 1.414597 -0.594461
v -1.158787 1.427299 -0.594461
v -1.163898 1.440958 -0.594461
v -1.167801 1.455660 -0.594461
v -1.170537 1.471486 -0.594461
v -1.172148 1.488521 -0.594461
v -1.172676 1.506847 -0.594461
v -1.171051 1.533037 -0.594461
v -1.166259 1.557532 -0.594461
v -1.158426 1.580222 -0.594461
v -1.147676 1.600995 -0.594461
v -1.134134 1.619741 -0.594461
v -1.117926 1.636347 -0.594461
v -1.099176 1.650704 -0.594461
v -1.078009 1.662699 -0.594461
v -1.054551 1.672222 -0.594461
v -1.028926 1.679162 -0.594461
v -1.001259 1.683407 -0.594461
v -0.971676 1.684847 -0.594461
v -0.959167 1.684659 -0.594461
v -0.947111 1.684088 -0.594461
v -0.935457 1.683128 -0.594461
v -0.924157 1.681773 -0.594461
v -0.913163 1.680015 -0.594461
v -0.902426 1.677847 -0.594461
v -0.891897 1.675263 -0.594461
v -0.881527 1.672255 -0.594461
v -0.871269 1.668816 -0.594461
v -0.861074 1.664940 -0.594461
v -0.850892 1.660619 -0.594461
v -0.840676 1.655847 -0.594461
v -1.727676 1.177847 -0.594461
v -1.727010 1.194939 -0.594461
v -1.725013 1.211662 -0.594461
v -1.721691 1.227941 -0.594461
v -1.717046 1.243699 -0.594461
v -1.711081 1.258860 -0.594461
v -1.703800 1.273347 -0.594461
v -1.695207 1.287085 -0.594461
v -1.685305 1.299995 -0.594461
v -1.674097 1.312003 -0.594461
v -1.661587 1.323032 -0.594461
v -1.647779 1.333006 -0.594461
v -1.632676 1.341847 -0.594461
v -1.646532 1.351709 -0.594461
v -1.659111 1.362241 -0.594461
v -1.670426 1.373363 -0.594461
v -1.680491 1.384995 -0.594461
v -1.689319 1.397058 -0.594461
v -1.696926 1.409472 -0.594461
v -1.703324 1.422157 -0.594461
v -1.708528 1.435032 -0.594461
v -1.712551 1.448019 -0.594461
v -1.715407 1.461037 -0.594461
v -1.717111 1.474006 -0.594461
v -1.717676 1.486847 -0.594461
v -1.715917 1.514481 -0.594461
v -1.710773 1.540750 -0.594461
v -1.702441 1.565457 -0.594461
v -1.691120 1.588403 -0.594461
v -1.677007 1.609391 -0.594461
v -1.660301 1.628222 -0.594461
v -1.641198 1.644700 -0.594461
v -1.619898 1.658625 -0.594461
v -1.596598 1.669800 -0.594461
v -1.571495 1.678028 -0.594461
v -1.544788 1.683109 -0.594461
v -1.516676 1.684847 -0.594461
v -1.487565 1.683130 -0.594461
v -1.459875 1.678107 -0.594461
v -1.433816 1.669972 -0.594461
v -1.409602 1.658921 -0.594461
v -1.387442 1.645148 -0.594461
v -1.367551 1.628847 -0.594461
v -1.350138 1.610213 -0.594461
v -1.335416 1.589440 -0.594461
v -1.323598 1.566722 -0.594461
v -1.314893 1.542255 -0.594461
v -1.309516 1.516232 -0.594461
v -1.307676 1.488847 -0.594461
v -1.308296 1.474478 -0.594461
v -1.310134 1.460389 -0.594461
v -1.313160 1.446613 -0.594461
v -1.317342 1.433181 -0.594461
v -1.322650 1.420123 -0.594461
v -1.329051 1.407472 -0.594461
v -1.336514 1.395259 -0.594461
v -1.345009 1.383514 -0.594461
v -1.354504 1.372269 -0.594461
v -1.364967 1.361556 -0.594461
v -1.376368 1.351405 -0.594461
v -1.388676 1.341847 -0.594461
v -1.373113 1.332032 -0.594461
v -1.358921 1.321579 -0.594461
v -1.346097 1.310472 -0.594461
v -1.334638 1.298699 -0.594461
v -1.324541 1.286245 -0.594461
v -1.315801 1.273097 -0.594461
v -1.308415 1.259241 -0.594461
v -1.302379 1.244662 -0.594461
v -1.297691 1.229347 -0.594461
v -1.294347 1.213282 -0.594461
v -1.292343 1.196454 -0.594461
v -1.291676 1.178847 -0.594461
v -1.293636 1.152133 -0.594461
v -1.299361 1.126630 -0.594461
v -1.308613 1.102550 -0.594461
v -1.321157 1.080106 -0.594461
v -1.336757 1.059510 -0.594461
v -1.355176 1.040972 -0.594461
v -1.376178 1.024705 -0.594461
v -1.399527 1.010921 -0.594461
v -1.424988 0.999832 -0.594461
v -1.452324 0.991648 -0.594461
v -1.481298 0.986583 -0.594461
v -1.511676 0.984847 -0.594461
v -1.541554 0.986563 -0.594461
v -1.570037 0.991574 -0.594461
v -1.596894 0.999675 -0.594461
v -1.621898 1.010662 -0.594461
v -1.644818 1.024329 -0.594461
v -1.665426 1.040472 -0.594461
v -1.683492 1.058886 -0.594461
v -1.698787 1.079366 -0.594461
v -1.711082 1.101707 -0.594461
v -1.720148 1.125704 -0.594461
v -1.725755 1.151152 -0.594461
v -1.619676 1.488847 -0.594461
v -1.618697 1.475286 -0.594461
v -1.615847 1.462194 -0.594461
v -1.611254 1.449707 -0.594461
v -1.605046 1.437958 -0.594461
v -1.597352 1.427085 -0.594461
v -1.588301 1.417222 -0.594461
v -1.578020 1.408505 -0.594461
v -1.566639 1.401069 -0.594461
v -1.554285 1.395050 -0.594461
v -1.541088 1.390583 -0.594461
v -1.527175 1.387804 -0.594461
v -1.512676 1.386847 -0.594461
v -1.498386 1.387824 -0.594461
v -1.484611 1.390662 -0.594461
v -1.471488 1.395222 -0.594461
v -1.459157 1.401366 -0.594461
v -1.447756 1.408954 -0.594461
v -1.437425 1.417847 -0.594461
v -1.428303 1.427907 -0.594461
v -1.420527 1.438995 -0.594461
v -1.414238 1.450972 -0.594461
v -1.409574 1.463699 -0.594461
v -1.406673 1.477037 -0.594461
v -1.405676 1.490847 -0.594461
v -1.406579 1.503126 -0.594461
v -1.409236 1.510011 -0.594461
v -1.413566 1.512327 -0.594461
v -1.419490 1.510899 -0.594461
v -1.426929 1.506551 -0.594461
v -1.435801 1.500108 -0.594461
v -1.446027 1.492393 -0.594461
v -1.457528 1.484233 -0.594461
v -1.470223 1.476451 -0.594461
v -1.484032 1.469871 -0.594461
v -1.498877 1.465319 -0.594461
v -1.514676 1.463618 -0.594461
v -1.529556 1.465241 -0.594461
v -1.543634 1.469584 -0.594461
v -1.556816 1.475857 -0.594461
v -1.569009 1.483270 -0.594461
v -1.580119 1.491034 -0.594461
v -1.590051 1.498358 -0.594461
v -1.598712 1.504453 -0.594461
v -1.606009 1.508529 -0.594461
v -1.611848 1.509796 -0.594461
v -1.616134 1.507465 -0.594461
v -1.618775 1.500745 -0.594461
v -1.629676 1.185847 -0.594461
v -1.628823 1.171748 -0.594461
v -1.626273 1.158056 -0.594461
v -1.622035 1.144925 -0.594461
v -1.616120 1.132514 -0.594461
v -1.608539 1.120977 -0.594461
v -1.599301 1.110472 -0.594461
v -1.588417 1.101155 -0.594461
v -1.575898 1.093181 -0.594461
v -1.561754 1.086707 -0.594461
v -1.545995 1.081889 -0.594461
v -1.528632 1.078884 -0.594461
v -1.509676 1.077847 -0.594461
v -1.492610 1.078769 -0.594461
v -1.476481 1.081472 -0.594461
v -1.461394 1.085863 -0.594461
v -1.447453 1.091847 -0.594461
v -1.434762 1.099332 -0.594461
v -1.423425 1.108222 -0.594461
v -1.413547 1.118425 -0.594461
v -1.405231 1.129847 -0.594461
v -1.398582 1.142394 -0.594461
v -1.393703 1.155972 -0.594461
v -1.390700 1.170488 -0.594461
v -1.389676 1.185847 -0.594461
v -1.390663 1.201417 -0.594461
v -1.393574 1.216069 -0.594461
v -1.398332 1.229722 -0.594461
v -1.404861 1.242292 -0.594461
v -1.413084 1.253694 -0.594461
v -1.422926 1.263847 -0.594461
v -1.434309 1.272667 -0.594461
v -1.447157 1.280069 -0.594461
v -1.461394 1.285972 -0.594461
v -1.476944 1.290292 -0.594461
v -1.493730 1.292944 -0.594461
v -1.511676 1.293847 -0.594461
v -1.528492 1.292906 -0.594461
v -1.544375 1.290153 -0.594461
v -1.559223 1.285691 -0.594461
v -1.572935 1.279625 -0.594461
v -1.585411 1.272059 -0.594461
v -1.596551 1.263097 -0.594461
v -1.606253 1.252844 -0.594461
v -1.614416 1.241403 -0.594461
v -1.620941 1.228878 -0.594461
v -1.625726 1.215375 -0.594461
v -1.628671 1.200997 -0.594461
vn -0.0000 -0.0000 1.0000
vn -0.0000 -0.0000 -1.0000
vn 0.0004 -0.0000 -1.0000
vn -0.0001 -0.0000 -1.0000
vn -0.0004 -0.0000 -1.0000
vn 0.0001 -0.0000 -1.0000
vn -0.0000 -0.0003 -1.0000
vn 0.6484 -0.7613 -0.0000
vn 0.7575 -0.6528 -0.0000
vn 0.8292 -0.5589 -0.0000
vn 0.7509 -0.6604 -0.0000
vn -0.9312 -0.3646 -0.0000
vn -0.9595 -0.2817 -0.0000
vn 0.9276 -0.3736 -0.0000
vn 0.8716 -0.4902 -0.0000
vn 0.5510 -0.8345 -0.0000
vn 0.4770 -0.8789 -0.0000
vn 0.9428 0.3332 -0.0000
vn 0.9247 0.3806 -0.0000
vn -0.9896 -0.1438 -0.0000
vn -0.9999 -0.0164 -0.0000
vn -0.9743 0.2252 -0.0000
vn -0.9517 0.3070 -0.0000
vn -0.3453 0.9385 -0.0000
vn -0.7057 0.7085 -0.0000
vn 0.9073 0.4204 -0.0000
vn -0.8005 -0.5993 -0.0000
vn -0.8726 -0.4885 -0.0000
vn 0.9925 0.1220 -0.0000
vn 0.9694 0.2456 -0.0000
vn -0.4752 -0.8799 -0.0000
vn -0.5464 -0.8375 -0.0000
vn 0.8487 -0.5288 -0.0000
vn 0.7112 0.7030 -0.0000
vn 0.3229 0.9464 -0.0000
vn 0.8001 -0.5999 -0.0000
vn 0.8918 0.4524 -0.0000
vn -0.9603 0.2790 -0.0000
vn -0.9898 0.1426 -0.0000
vn 0.9184 -0.3957 -0.0000
vn -0.9626 0.2710 -0.0000
vn -0.9909 0.1349 -0.0000
vn 0.3626 -0.9319 -0.0000
vn -0.7647 -0.6444 -0.0000
vn -0.8456 -0.5339 -0.0000
vn -0.7130 -0.7012 -0.0000
vn 0.9292 0.3695 -0.0000
vn -0.9002 -0.4354 -0.0000
vn 0.7137 -0.7004 -0.0000
vn -0.9891 0.1474 -0.0000
vn -0.0099 1.0000 -0.0000
vn 0.8791 0.4766 -0.0000
vn -0.3632 -0.9317 -0.0000
vn 0.9656 -0.2600 -0.0000
vn -0.9147 0.4042 -0.0000
vn 0.9898 0.1427 -0.0000
vn 0.9601 0.2796 -0.0000
vn 0.8696 0.4937 -0.0000
vn -0.6114 -0.7913 -0.0000
vn 0.9892 -0.1465 -0.0000
vn 0.9571 -0.2896 -0.0000
vn 0.6136 -0.7896 -0.0000
vn 0.9963 -0.0863 -0.0000
vn 0.9851 -0.1721 -0.0000
vn -0.9974 0.0727 -0.0000
vn 0.6497 -0.7602 -0.0000
vn 0.9919 -0.1272 -0.0000
vn -0.8699 -0.4932 -0.0000
vn -0.9585 -0.2850 -0.0000
vn 0.8596 0.5110 -0.0000
vn -0.4980 -0.8672 -0.0000
vn 0.8712 0.4909 -0.0000
vn -0.9850 -0.1724 -0.0000
vn -0.9962 -0.0872 -0.0000
vn -0.6569 -0.7540 -0.0000
vn 0.5017 -0.8650 -0.0000
vn 0.2010 -0.9796 -0.0000
vn -0.9999 -0.0127 -0.0000
vn 0.5222 -0.8528 -0.0000
vn 0.8451 0.5346 -0.0000
vn 1.0000 -0.0034 -0.0000
vn -0.8481 0.5298 -0.0000
vn -0.3761 -0.9266 -0.0000
vn 0.7953 0.6063 -0.0000
vn -0.2025 -0.9793 -0.0000
vn -0.5205 -0.8539 -0.0000
vn -0.8425 -0.5387 -0.0000
vn 0.3807 -0.9247 -0.0000
vn -0.0007 -1.0000 -0.0000
vn -0.9922 -0.1248 -0.0000
vn 0.3677 -0.9300 -0.0000
vn 0.8297 0.5582 -0.0000
vn 0.9935 0.1136 -0.0000
vn -0.7653 0.6437 -0.0000
vn -0.2497 -0.9683 -0.0000
vn 0.9055 -0.4244 -0.0000
vn -0.9141 0.4054 -0.0000
vn 0.9724 0.2333 -0.0000
vn -0.3587 -0.9335 -0.0000
vn -0.8190 -0.5738 -0.0000
vn 0.2541 -0.9672 -0.0000
vn 0.9134 0.4071 -0.0000
vn 0.1901 -0.9818 -0.0000
vn 0.8167 0.5770 -0.0000
vn -0.9081 -0.4188 -0.0000
vn -0.9676 -0.2524 -0.0000
vn -0.1232 -0.9924 -0.0000
vn 0.7024 0.7118 -0.0000
vn 1.0000 -0.0000 -0.0000
vn -0.9668 -0.2553 -0.0000
vn 0.9340 0.3571 -0.0000
vn -0.1810 -0.9835 -0.0000
vn -0.7999 -0.6001 -0.0000
vn 0.1260 -0.9920 -0.0000
vn 0.9666 -0.2561 -0.0000
vn 0.0033 -1.0000 -0.0000
vn 0.8059 0.5921 -0.0000
vn -0.0000 1.0000 -0.0000
vn 0.8766 0.4812 -0.0000
vn 0.0008 -1.0000 -0.0000
vn -0.6693 0.7430 -0.0000
vn -0.0168 0.9999 -0.0000
vn 0.0312 0.9995 -0.0000
vn 0.7968 0.6042 -0.0000
vn 0.5953 0.8035 -0.0000
vn -1.0000 -0.0000 -0.0000
vn -0.8538 0.5206 -0.0000
vn 0.4019 0.9157 -0.0000
vn 0.7360 0.6770 -0.0000
vn 0.8520 0.5235 -0.0000
vn -0.9250 -0.3799 -0.0000
vn -0.1003 0.9950 -0.0000
vn 0.8488 -0.5287 -0.0000
vn 0.0647 0.9979 -0.0000
vn -0.7851 -0.6194 -0.0000
vn -0.5638 0.8259 -0.0000
vn 0.7893 0.6140 -0.0000
vn -0.0000 -1.0000 -0.0000
vn 0.8370 -0.5471 -0.0000
vn -0.9420 -0.3356 -0.0000
vn -0.5263 0.8503 -0.0000
vn -0.5428 0.8399 -0.0000
vn 0.1006 0.9949 -0.0000
vn -0.7361 -0.6769 -0.0000
vn 0.9414 -0.3372 -0.0000
vn 0.7997 0.6004 -0.0000
vn -0.7740 -0.6332 -0.0000
vn -0.8074 -0.5899 -0.0000
vn -0.8407 -0.5416 -0.0000
vn -0.2069 0.9784 -0.0000
vn 0.7832 0.6218 -0.0000
vn 0.8074 0.5899 -0.0000
vn 0.4778 0.8784 -0.0000
vn -0.7813 0.6242 -0.0000
vn -0.4916 0.8708 -0.0000
vn 0.1385 0.9904 -0.0000
vn 0.7781 0.6281 -0.0000
vn 0.7048 0.7094 -0.0000
vn -0.6964 0.7177 -0.0000
vn 0.1779 0.9840 -0.0000
vn -0.7693 -0.6388 -0.0000
vn -0.4521 0.8919 -0.0000
vn 0.7784 0.6278 -0.0000
vn 0.3551 0.9348 -0.0000
vn -0.9108 -0.4129 -0.0000
vn -0.4539 0.8910 -0.0000
vn -0.4539 0.8911 -0.0000
vn 0.2182 0.9759 -0.0000
vn 0.6967 -0.7174 -0.0000
vn 0.3759 -0.9267 -0.0000
vn 0.9101 -0.4144 -0.0000
vn 0.7748 0.6322 -0.0000
vn -0.0044 1.0000 -0.0000
vn 0.1620 0.9868 -0.0000
vn -0.8642 -0.5032 -0.0000
vn -0.3376 0.9413 -0.0000
vn 0.0007 1.0000 -0.0000
vn 0.1239 0.9923 -0.0000
vn 0.5954 0.8034 -0.0000
vn -0.3194 0.9476 -0.0000
vn -0.1810 0.9835 -0.0000
vn 0.2319 0.9727 -0.0000
vn -0.6979 0.7162 -0.0000
vn 0.2586 0.9660 -0.0000
vn 0.3206 0.9472 -0.0000
vn -0.1217 0.9926 -0.0000
vn 0.6931 0.7208 -0.0000
vn -0.4132 0.9106 -0.0000
vn 0.2983 0.9545 -0.0000
vn -0.2227 0.9749 -0.0000
vn -0.2465 0.9692 -0.0000
vn 0.7725 0.6350 -0.0000
vn -0.3587 0.9335 -0.0000
vn 0.1128 0.9936 -0.0000
vn 0.2498 0.9683 -0.0000
vn -0.8735 -0.4868 -0.0000
vn -0.3696 0.9292 -0.0000
vn 0.3367 0.9416 -0.0000
vn 0.4685 0.8834 -0.0000
vn 0.8735 -0.4868 -0.0000
vn 0.4763 0.8793 -0.0000
vn 0.7715 0.6362 -0.0000
vn -0.1098 0.9940 -0.0000
vn -0.3712 0.9285 -0.0000
vn -0.4355 0.9002 -0.0000
vn 0.9411 0.3381 -0.0000
vn -0.5205 0.8539 -0.0000
vn 0.7550 -0.6558 -0.0000
vn 0.3745 0.9272 -0.0000
vn -0.6044 0.7967 -0.0000
vn -0.3230 0.9464 -0.0000
vn 0.3731 0.9278 -0.0000
vn 0.5998 0.8002 -0.0000
vn 0.5980 0.8015 -0.0000
vn 0.3530 0.9356 -0.0000
vn 0.4070 0.9134 -0.0000
vn -0.7592 -0.6508 -0.0000
vn -0.4921 0.8705 -0.0000
vn -0.6569 0.7540 -0.0000
vn 0.0003 1.0000 -0.0000
vn 0.4944 0.8692 -0.0000
vn -0.8305 -0.5570 -0.0000
vn -0.2737 0.9618 -0.0000
vn 0.7108 0.7034 -0.0000
vn -0.5518 0.8340 -0.0000
vn -0.5010 0.8655 -0.0000
vn -0.2220 0.9750 -0.0000
vn 0.8436 0.5370 -0.0000
vn -0.6053 0.7960 -0.0000
vn 0.4934 0.8698 -0.0000
vn 0.2302 0.9731 -0.0000
vn -0.7647 0.6444 -0.0000
vn 0.6061 0.7954 -0.0000
vn 0.8008 0.5989 -0.0000
vn 0.6622 -0.7493 -0.0000
vn 0.8324 -0.5542 -0.0000
vn -0.3990 -0.9169 -0.0000
vn -0.3889 -0.9213 -0.0000
vn -0.7861 -0.6181 -0.0000
vn -0.7076 0.7066 -0.0000
vn -0.3668 -0.9303 -0.0000
vn -0.6667 -0.7454 -0.0000
vn 0.7069 0.7073 -0.0000
vn -0.3879 0.9217 -0.0000
vn -0.1683 0.9857 -0.0000
vn 0.5615 -0.8275 -0.0000
vn 0.3801 0.9250 -0.0000
vn 0.1120 0.9937 -0.0000
vn -0.3412 -0.9400 -0.0000
vn -0.8456 0.5339 -0.0000
vn 0.8709 0.4915 -0.0000
vn -0.7964 0.6048 -0.0000
vn -0.3117 -0.9502 -0.0000
vn -0.5655 -0.8247 -0.0000
vn 0.7947 0.6070 -0.0000
vn -0.7822 -0.6230 -0.0000
vn -0.1130 0.9936 -0.0000
vn 0.4547 -0.8906 -0.0000
vn 0.7877 -0.6160 -0.0000
vn -0.2397 -0.9709 -0.0000
vn 0.0128 -0.9999 -0.0000
vn -0.0567 0.9984 -0.0000
vn -0.2787 -0.9604 -0.0000
vn 0.3072 -0.9516 -0.0000
vn -0.8700 0.4931 -0.0000
vn 0.0130 0.9999 -0.0000
vn -0.4581 -0.8889 -0.0000
vn 0.8679 0.4967 -0.0000
vn -0.2656 0.9641 -0.0000
vn -0.2422 -0.9702 -0.0000
vn 0.3437 -0.9391 -0.0000
vn 0.2588 0.9659 -0.0000
vn -0.5708 -0.8211 -0.0000
vn 0.6938 -0.7202 -0.0000
vn -0.9273 0.3743 -0.0000
vn -0.6635 0.7482 -0.0000
vn -0.3462 -0.9382 -0.0000
vn 0.9255 0.3787 -0.0000
vn -0.1353 0.9908 -0.0000
vn -0.2030 -0.9792 -0.0000
vn 0.2299 -0.9732 -0.0000
vn 0.1312 0.9914 -0.0000
vn -0.6929 -0.7211 -0.0000
vn -0.9040 0.4275 -0.0000
vn -0.1619 -0.9868 -0.0000
vn -0.9680 0.2510 -0.0000
vn -0.5875 -0.8092 -0.0000
vn -0.8609 -0.5088 -0.0000
vn -0.2314 -0.9729 -0.0000
vn 0.9669 0.2551 -0.0000
vn -0.0012 1.0000 -0.0000
vn 0.9440 -0.3301 -0.0000
vn 0.1148 -0.9934 -0.0000
vn -0.4736 -0.8807 -0.0000
vn -0.7652 0.6438 -0.0000
vn 0.4270 -0.9042 -0.0000
vn -0.1199 -0.9928 -0.0000
vn -0.9820 -0.1887 -0.0000
vn -0.1155 -0.9933 -0.0000
vn 0.3981 -0.9174 -0.0000
vn -0.0782 -0.9969 -0.0000
vn 0.9997 -0.0229 -0.0000
vn -0.0001 -1.0000 -0.0000
vn -0.7292 -0.6843 -0.0000
vn -0.0100 -1.0000 -0.0000
vn 0.1718 -0.9851 -0.0000
vn 0.7402 -0.6724 -0.0000
vn 0.3673 -0.9301 -0.0000
vn -0.0381 -0.9993 -0.0000
vn -0.0137 0.9999 -0.0000
vn 0.0646 0.9979 -0.0000
vn -0.9999 0.0117 -0.0000
vn 0.9230 0.3848 -0.0000
vn -0.1214 0.9926 -0.0000
vn -0.9921 0.1255 -0.0000
vn -0.6720 -0.7405 -0.0000
vn -0.3547 -0.9350 -0.0000
vn -0.8517 0.5240 -0.0000
vn 0.1299 0.9915 -0.0000
vn 0.6906 -0.7232 -0.0000
vn 0.3346 -0.9424 -0.0000
vn 0.0138 -0.9999 -0.0000
vn 0.9907 0.1363 -0.0000
vn -0.1087 -0.9941 -0.0000
vn 0.1947 0.9809 -0.0000
vn 0.3000 -0.9539 -0.0000
vn 0.0953 -0.9954 -0.0000
vn -0.1658 -0.9862 -0.0000
vn 0.0098 -1.0000 -0.0000
vn -0.9447 0.3280 -0.0000
vn 0.1060 -0.9944 -0.0000
vn 0.6395 -0.7688 -0.0000
vn -0.2464 0.9692 -0.0000
vn -0.2344 -0.9721 -0.0000
vn -0.9191 0.3940 -0.0000
vn -0.9938 0.1110 -0.0000
vn 0.2580 0.9662 -0.0000
vn 0.9918 0.1281 -0.0000
vn 0.2633 -0.9647 -0.0000
vn 0.1976 -0.9803 -0.0000
vn 0.9786 0.2056 -0.0000
vn -0.5798 -0.8147 -0.0000
vn 0.6133 -0.7898 -0.0000
vn 0.2245 -0.9745 -0.0000
vn 0.3072 -0.9517 -0.0000
vn -0.3723 0.9281 -0.0000
vn -0.4307 -0.9025 -0.0000
vn -0.9886 0.1505 -0.0000
vn 0.3185 0.9479 -0.0000
vn 0.4444 -0.8958 -0.0000
vn 0.5334 0.8458 -0.0000
vn 0.5636 0.8260 -0.0000
vn 0.1836 -0.9830 -0.0000
vn 0.4220 -0.9066 -0.0000
vn 0.9596 0.2813 -0.0000
vn 0.3755 0.9268 -0.0000
vn 0.9743 0.2254 -0.0000
vn -0.1503 -0.9886 -0.0000
vn -0.5460 0.8378 -0.0000
vn -0.5052 0.8630 -0.0000
vn -0.9657 0.2598 -0.0000
vn 0.1474 -0.9891 -0.0000
vn 0.1406 -0.9901 -0.0000
vn 0.5388 -0.8425 -0.0000
vn -0.4952 0.8688 -0.0000
vn -0.6241 0.7813 -0.0000
vn -0.9717 0.2361 -0.0000
vn 0.4283 0.9036 -0.0000
vn 0.6244 0.7811 -0.0000
vn 0.0956 -0.9954 -0.0000
vn 0.6526 -0.7577 -0.0000
vn -0.1526 -0.9883 -0.0000
vn -0.9880 0.1544 -0.0000
vn 0.4766 0.8791 -0.0000
vn 0.1505 -0.9886 -0.0000
vn 0.7573 -0.6530 -0.0000
vn 0.9766 0.2148 -0.0000
vn -0.6970 0.7171 -0.0000
vn -0.0161 -0.9999 -0.0000
vn 0.7317 -0.6816 -0.0000
vn 0.6863 0.7273 -0.0000
vn 0.0486 -0.9988 -0.0000
vn -0.6109 0.7917 -0.0000
vn -0.9919 0.1272 -0.0000
vn -0.9908 0.1354 -0.0000
vn 0.5202 0.8540 -0.0000
vn -0.0014 1.0000 -0.0000
vn 0.1189 0.9929 -0.0000
vn 0.8470 -0.5315 -0.0000
vn 0.9833 0.1823 -0.0000
vn -0.7173 -0.6967 -0.0000
vn -0.7632 0.6462 -0.0000
vn 0.5592 0.8290 -0.0000
vn 0.7474 0.6643 -0.0000
vn -0.1246 0.9922 -0.0000
vn 0.9170 -0.3989 -0.0000
vn -0.1249 -0.9922 -0.0000
vn 0.2387 0.9711 -0.0000
vn -0.9885 0.1513 -0.0000
vn 0.1238 -0.9923 -0.0000
vn 0.9831 0.1829 -0.0000
vn -0.7153 0.6988 -0.0000
vn -0.9999 0.0166 -0.0000
vn 0.5938 0.8046 -0.0000
vn -0.2497 0.9683 -0.0000
vn 0.9650 -0.2622 -0.0000
vn -0.0718 -0.9974 -0.0000
vn -0.8216 0.5701 -0.0000
vn 0.3573 0.9340 -0.0000
vn -0.9949 0.1004 -0.0000
vn 0.8972 0.4416 -0.0000
vn 0.0717 -0.9974 -0.0000
vn 0.8057 0.5924 -0.0000
vn 0.9918 -0.1279 -0.0000
vn 0.9961 0.0885 -0.0000
vn 0.9161 -0.4009 -0.0000
vn -0.3727 0.9279 -0.0000
vn 0.9909 0.1343 -0.0000
vn -0.8053 0.5929 -0.0000
vn -0.1033 -0.9946 -0.0000
vn 0.0028 -1.0000 -0.0000
vn 0.4725 0.8813 -0.0000
vn -0.9981 -0.0615 -0.0000
vn 0.1135 -0.9935 -0.0000
vn 1.0000 0.0003 -0.0000
vn -0.7708 -0.6370 -0.0000
vn -0.7534 -0.6575 -0.0000
vn -0.9091 -0.4167 -0.0000
vn -0.9973 0.0730 -0.0000
vn 0.0001 -1.0000 -0.0000
vn -0.4909 0.8712 -0.0000
vn 0.9914 0.1308 -0.0000
vn -0.7150 -0.6992 -0.0000
vn -0.2122 -0.9772 -0.0000
vn 0.5821 0.8131 -0.0000
vn -0.9986 0.0538 -0.0000
vn 0.9863 -0.1652 -0.0000
vn 0.2297 -0.9733 -0.0000
vn 0.9974 0.0719 -0.0000
vn -0.6696 -0.7427 -0.0000
vn -0.9912 -0.1323 -0.0000
vn -0.6015 0.7989 -0.0000
vn 0.9622 0.2724 -0.0000
vn 1.0000 0.0002 -0.0000
vn -0.6168 -0.7871 -0.0000
vn -0.9848 -0.1735 -0.0000
vn -0.3259 -0.9454 -0.0000
vn 0.6838 0.7297 -0.0000
vn 0.3468 -0.9379 -0.0000
vn -0.5561 -0.8311 -0.0000
vn -0.9769 -0.2137 -0.0000
vn -1.0000 0.0003 -0.0000
vn -0.7022 0.7120 -0.0000
vn 0.9075 0.4200 -0.0000
vn -0.4875 -0.8731 -0.0000
vn -0.8716 0.4902 -0.0000
vn 0.7750 0.6319 -0.0000
vn 1.0000 0.0094 -0.0000
vn 0.8586 0.5126 -0.0000
vn 1.0000 0.0001 -0.0000
vn -0.4119 -0.9112 -0.0000
vn -0.9527 -0.3039 -0.0000
vn -0.7907 0.6122 -0.0000
vn 0.8262 0.5634 -0.0000
vn -0.3308 -0.9437 -0.0000
vn -1.0000 -0.0064 -0.0000
vn -0.4420 -0.8970 -0.0000
vn 0.8535 0.5211 -0.0000
vn -0.9987 -0.0509 -0.0000
vn 0.9919 -0.1267 -0.0000
vn 0.4625 -0.8866 -0.0000
vn 0.9963 -0.0864 -0.0000
vn -0.2464 -0.9692 -0.0000
vn -0.9167 -0.3997 -0.0000
vn -0.8652 0.5013 -0.0000
vn 0.7222 0.6917 -0.0000
vn 0.9975 -0.0713 -0.0000
vn -0.1615 -0.9869 -0.0000
vn -0.9876 0.1571 -0.0000
vn -0.5571 -0.8304 -0.0000
vn 0.9168 0.3993 -0.0000
vn 0.9750 0.2222 -0.0000
vn 0.5739 -0.8189 -0.0000
vn -0.0789 -0.9969 -0.0000
vn -0.8682 -0.4963 -0.0000
vn -0.9973 -0.0730 -0.0000
vn -0.9242 0.3818 -0.0000
vn 0.6041 0.7969 -0.0000
vn -0.9921 -0.1251 -0.0000
vn -0.9130 0.4080 -0.0000
vn 0.9630 0.2694 -0.0000
vn -0.9958 -0.0915 -0.0000
vn 0.0010 1.0000 -0.0000
vn 0.1332 0.9911 -0.0000
vn 0.9043 0.4269 -0.0000
vn 0.4820 0.8762 -0.0000
vn 0.9912 -0.1325 -0.0000
vn -0.1253 0.9921 -0.0000
vn -0.9666 0.2564 -0.0000
vn 0.9845 -0.1753 -0.0000
vn -0.8785 0.4778 -0.0000
vn 0.2437 0.9699 -0.0000
vn -0.6669 -0.7451 -0.0000
vn 0.9908 0.1350 -0.0000
vn -0.8087 -0.5882 -0.0000
vn 0.1338 -0.9910 -0.0000
vn 0.6782 -0.7349 -0.0000
vn 0.3643 0.9313 -0.0000
vn -0.9885 -0.1513 -0.0000
vn 0.2680 -0.9634 -0.0000
vn -0.9918 0.1281 -0.0000
vn 0.3235 0.9462 -0.0000
vn -0.7666 -0.6422 -0.0000
vn 0.9999 0.0120 -0.0000
vn -0.7417 -0.6708 -0.0000
vn -0.9929 -0.1186 -0.0000
vn 0.3990 -0.9170 -0.0000
vn 0.7720 -0.6356 -0.0000
vn 0.2561 0.9667 -0.0000
vn 0.9838 -0.1795 -0.0000
vn -0.2858 0.9583 -0.0000
vn 0.9412 0.3380 -0.0000
vn 0.1596 0.9872 -0.0000
vn 0.9638 -0.2668 -0.0000
vn -0.9339 0.3575 -0.0000
vn 0.5226 -0.8526 -0.0000
vn -0.9010 0.4339 -0.0000
vn 0.0749 0.9972 -0.0000
vn 0.8335 0.5525 -0.0000
vn -0.9458 0.3248 -0.0000
vn -0.9915 -0.1301 -0.0000
vn 0.6354 -0.7722 -0.0000
vn -1.0000 0.0098 -0.0000
vn 0.3703 0.9289 -0.0000
vn -0.8515 -0.5243 -0.0000
vn -0.6716 -0.7409 -0.0000
vn -0.9717 -0.2361 -0.0000
vn 0.7347 -0.6783 -0.0000
vn 0.8525 -0.5227 -0.0000
vn -0.7492 -0.6624 -0.0000
vn -0.1270 -0.9919 -0.0000
vn 0.0354 0.9994 -0.0000
vn 0.9777 -0.2098 -0.0000
vn 0.3735 -0.9276 -0.0000
vn -0.3179 0.9481 -0.0000
vn 0.9686 0.2485 -0.0000
vn -0.9718 0.2358 -0.0000
vn 0.3786 0.9255 -0.0000
vn 0.5468 -0.8373 -0.0000
vn -0.9925 -0.1221 -0.0000
vn 0.8187 -0.5742 -0.0000
vn 0.9325 -0.3612 -0.0000
vn -0.9704 0.2416 -0.0000
vn -0.6029 -0.7978 -0.0000
vn 0.8865 -0.4627 -0.0000
vn -0.3156 0.9489 -0.0000
vn -0.9757 -0.2191 -0.0000
vn 0.9757 -0.2189 -0.0000
vn -0.9182 -0.3960 -0.0000
vn -0.5391 -0.8422 -0.0000
vn -0.9684 -0.2494 -0.0000
vn 0.9170 -0.3990 -0.0000
vn -0.3537 -0.9353 -0.0000
vn 0.1417 -0.9899 -0.0000
vn -0.9933 0.1159 -0.0000
vn 0.9678 -0.2519 -0.0000
vn 0.7494 -0.6621 -0.0000
vn -0.5085 -0.8611 -0.0000
vn -0.9447 -0.3280 -0.0000
vn 0.9379 -0.3470 -0.0000
vn -0.9649 -0.2626 -0.0000
vn -0.4246 0.9054 -0.0000
vn -0.3603 0.9328 -0.0000
vn -0.9962 -0.0868 -0.0000
vn 0.9732 -0.2298 -0.0000
vn -0.6005 0.7997 -0.0000
vn 0.9869 0.1612 -0.0000
vn -0.5323 -0.8466 -0.0000
vn 0.9801 -0.1986 -0.0000
vn 0.4919 0.8707 -0.0000
vn 0.9748 -0.2231 -0.0000
vn -0.5457 0.8380 -0.0000
vn 0.9634 -0.2680 -0.0000
vn 0.8886 -0.4587 -0.0000
vn -1.0000 0.0053 -0.0000
vn 0.3325 0.9431 -0.0000
vn 0.5949 -0.8038 -0.0000
vn -0.6532 0.7572 -0.0000
vn 0.9935 -0.1136 -0.0000
vn -0.9872 0.1594 -0.0000
vn -0.7442 0.6680 -0.0000
vn -1.0000 -0.0097 -0.0000
vn 0.9999 -0.0160 -0.0000
vn -0.2678 0.9635 -0.0000
vn -0.5845 -0.8114 -0.0000
vn 0.1880 0.9822 -0.0000
vn -0.9916 -0.1294 -0.0000
vn -0.8180 0.5753 -0.0000
vn -0.9040 -0.4275 -0.0000
vn 0.9910 -0.1337 -0.0000
vn -1.0000 -0.0007 -0.0000
vn -0.0037 -1.0000 -0.0000
vn 0.0484 -0.9988 -0.0000
vn 0.9914 -0.1310 -0.0000
vn -0.9956 -0.0942 -0.0000
vn 1.0000 -0.0018 -0.0000
vn 0.9987 0.0500 -0.0000
vn -0.1463 0.9892 -0.0000
vn 0.9969 0.0781 -0.0000
vn 0.5905 -0.8070 -0.0000
vn -0.8758 0.4827 -0.0000
vn -0.9907 0.1364 -0.0000
vn 0.9945 0.1045 -0.0000
vn -0.1381 0.9904 -0.0000
vn 0.1577 -0.9875 -0.0000
vn 0.9998 0.0216 -0.0000
vn 0.1027 0.9947 -0.0000
vn -0.9969 0.0788 -0.0000
vn -0.5832 -0.8123 -0.0000
vn 0.2762 -0.9611 -0.0000
vn -0.9818 -0.1898 -0.0000
vn -1.0000 0.0016 -0.0000
vn 0.9867 0.1626 -0.0000
vn 1.0000 -0.0029 -0.0000
vn 0.4010 -0.9161 -0.0000
vn -0.9225 0.3861 -0.0000
vn 0.9751 0.2219 -0.0000
vn 0.9998 -0.0177 -0.0000
vn -0.9196 0.3929 -0.0000
vn 0.5272 -0.8497 -0.0000
vn 0.9488 0.3160 -0.0000
vn -0.9286 -0.3711 -0.0000
vt 1.170609 0.411063
vt 1.170609 0.580884
vt 1.146207 0.580884
vt 1.146207 0.503194
vt 1.074743 0.580884
vt 1.044364 0.580884
vt 1.118318 0.500455
vt 1.146207 0.494977
vt 1.026187 0.411063
vt 1.146207 0.411063
vt 1.059802 0.411063
vt 0.936950 0.582309
vt 0.923597 0.583125
vt 0.910030 0.582313
vt 0.897375 0.579955
vt 0.949456 0.579937
vt 0.885683 0.576160
vt 0.961053 0.576125
vt 0.875005 0.571043
vt 0.971683 0.570988
vt 0.865392 0.564716
vt 0.981285 0.564640
vt 0.856895 0.557291
vt 0.989801 0.557197
vt 0.849566 0.548879
vt 0.997171 0.548774
vt 0.843455 0.539595
vt 1.003334 0.539484
vt 0.838613 0.529550
vt 1.008231 0.529445
vt 0.835091 0.518856
vt 1.011803 0.518770
vt 0.970384 0.518802
vt 0.875794 0.518802
vt 0.870402 0.518498
vt 0.832941 0.507627
vt 0.881980 0.518329
vt 0.975961 0.518498
vt 0.964019 0.518329
vt 1.013990 0.507574
vt 0.980680 0.517148
vt 0.865861 0.517148
vt 0.888902 0.517344
vt 0.956935 0.517344
vt 0.896502 0.516114
vt 0.949201 0.516114
vt 0.862229 0.514488
vt 0.984471 0.514488
vt 0.904723 0.514905
vt 0.940888 0.514905
vt 0.913508 0.513984
vt 0.932064 0.513984
vt 0.859564 0.510249
vt 0.987265 0.510249
vt 0.922799 0.513618
vt 0.857922 0.504167
vt 0.988992 0.504167
vt 0.832213 0.495973
vt 1.014733 0.495973
vt 0.857362 0.495973
vt 0.989583 0.495973
vt 1.014010 0.484582
vt 0.989118 0.488115
vt 0.858048 0.488115
vt 0.832922 0.484634
vt 0.938324 0.492053
vt 0.929185 0.492697
vt 0.919769 0.492053
vt 0.946801 0.490363
vt 0.910636 0.490363
vt 0.954590 0.487991
vt 0.901890 0.487991
vt 0.987738 0.482848
vt 0.860037 0.482848
vt 0.961665 0.485301
vt 0.893632 0.485301
vt 0.968003 0.482657
vt 0.885964 0.482657
vt 0.835024 0.473609
vt 1.011875 0.473523
vt 0.985468 0.479809
vt 0.863227 0.479809
vt 0.973577 0.480422
vt 0.878987 0.480422
vt 0.978363 0.478960
vt 0.872804 0.478960
vt 0.982335 0.478634
vt 0.867517 0.478634
vt 0.838481 0.463027
vt 1.008379 0.462922
vt 0.843252 0.453016
vt 1.003574 0.452905
vt 0.849299 0.443703
vt 0.997509 0.443597
vt 0.856584 0.435216
vt 0.990237 0.435123
vt 0.865067 0.427685
vt 0.981808 0.427609
vt 0.874709 0.421235
vt 0.972273 0.421180
vt 0.885472 0.415996
vt 0.961683 0.415961
vt 0.897317 0.412096
vt 0.950090 0.412079
vt 0.910204 0.409662
vt 0.937543 0.409657
vt 0.924095 0.408822
vt 0.810300 0.558971
vt 0.810300 0.580884
vt 0.663886 0.580884
vt 0.708956 0.558971
vt 0.771954 0.432975
vt 0.817024 0.411063
vt 0.663886 0.432975
vt 0.663886 0.411063
vt 0.605977 0.582471
vt 0.597900 0.583125
vt 0.589917 0.582409
vt 0.613725 0.580537
vt 0.582429 0.580300
vt 0.621074 0.577360
vt 0.575474 0.576861
vt 0.627952 0.572978
vt 0.569089 0.572150
vt 0.634288 0.567430
vt 0.563313 0.566229
vt 0.640011 0.560755
vt 0.597900 0.559967
vt 0.558184 0.559158
vt 0.645049 0.552990
vt 0.601970 0.559579
vt 0.593924 0.559485
vt 0.604829 0.558408
vt 0.591326 0.558053
vt 0.553739 0.550998
vt 0.606639 0.556444
vt 0.589909 0.555696
vt 0.607564 0.553678
vt 0.589478 0.552437
vt 0.607768 0.550102
vt 0.649330 0.544174
vt 0.589834 0.548300
vt 0.550017 0.541808
vt 0.607414 0.545704
vt 0.590781 0.543310
vt 0.606665 0.540477
vt 0.652785 0.534345
vt 0.592122 0.537489
vt 0.547057 0.531651
vt 0.605686 0.534410
vt 0.593661 0.530863
vt 0.604640 0.527495
vt 0.655340 0.523542
vt 0.544894 0.520586
vt 0.595201 0.523454
vt 0.603691 0.519721
vt 0.656926 0.511803
vt 0.596544 0.515286
vt 0.543569 0.508673
vt 0.603001 0.511079
vt 0.597495 0.506384
vt 0.657470 0.499166
vt 0.602734 0.501561
vt 0.543119 0.495973
vt 0.597855 0.496772
vt 0.603001 0.491823
vt 0.656926 0.486404
vt 0.597495 0.487127
vt 0.543569 0.483274
vt 0.603691 0.482573
vt 0.596544 0.478139
vt 0.655340 0.474318
vt 0.544895 0.471361
vt 0.604640 0.473881
vt 0.595201 0.469840
vt 0.652785 0.462990
vt 0.605687 0.465814
vt 0.547057 0.460296
vt 0.593661 0.462267
vt 0.606666 0.458441
vt 0.649330 0.452503
vt 0.592122 0.455453
vt 0.550018 0.450138
vt 0.607414 0.451830
vt 0.590781 0.449435
vt 0.645049 0.442941
vt 0.607768 0.446049
vt 0.553739 0.440949
vt 0.589834 0.444247
vt 0.607564 0.441166
vt 0.589478 0.439924
vt 0.640011 0.434385
vt 0.606639 0.437249
vt 0.558184 0.432789
vt 0.589909 0.436500
vt 0.604829 0.434367
vt 0.591326 0.434012
vt 0.634288 0.426919
vt 0.601971 0.432588
vt 0.593924 0.432493
vt 0.563313 0.425718
vt 0.597900 0.431979
vt 0.627952 0.420624
vt 0.569089 0.419797
vt 0.621074 0.415585
vt 0.575474 0.415086
vt 0.613725 0.411883
vt 0.582430 0.411646
vt 0.605977 0.409601
vt 0.589918 0.409538
vt 0.597900 0.408822
vt 0.485975 0.583078
vt 0.482860 0.583125
vt 0.475494 0.582766
vt 0.488977 0.582936
vt 0.491879 0.582697
vt 0.468605 0.581709
vt 0.494693 0.582359
vt 0.497430 0.581921
vt 0.500104 0.581382
vt 0.462224 0.579981
vt 0.502725 0.580738
vt 0.505307 0.579989
vt 0.507862 0.579133
vt 0.456383 0.577610
vt 0.510401 0.578168
vt 0.512936 0.577092
vt 0.451112 0.574623
vt 0.515480 0.575904
vt 0.515480 0.552746
vt 0.512629 0.553987
vt 0.509916 0.555097
vt 0.507325 0.556081
vt 0.504837 0.556942
vt 0.502436 0.557687
vt 0.500104 0.558318
vt 0.446443 0.571048
vt 0.497823 0.558840
vt 0.495578 0.559257
vt 0.442407 0.566913
vt 0.493349 0.559574
vt 0.491121 0.559796
vt 0.488875 0.559925
vt 0.439036 0.562245
vt 0.486595 0.559967
vt 0.482251 0.559767
vt 0.436359 0.557073
vt 0.478194 0.559175
vt 0.474441 0.558205
vt 0.471009 0.556869
vt 0.434408 0.551423
vt 0.467917 0.555180
vt 0.465181 0.553151
vt 0.462818 0.550795
vt 0.433215 0.545323
vt 0.460846 0.548126
vt 0.459283 0.545155
vt 0.432810 0.538802
vt 0.458144 0.541897
vt 0.457448 0.538364
vt 0.432942 0.534239
vt 0.457213 0.534569
vt 0.457446 0.530841
vt 0.433343 0.529997
vt 0.458147 0.527382
vt 0.434024 0.526056
vt 0.459314 0.524204
vt 0.434996 0.522395
vt 0.460948 0.521316
vt 0.436269 0.518994
vt 0.463049 0.518730
vt 0.437853 0.515831
vt 0.465617 0.516454
vt 0.468651 0.514500
vt 0.439758 0.512887
vt 0.472153 0.512878
vt 0.441996 0.510139
vt 0.476121 0.511598
vt 0.480557 0.510671
vt 0.485459 0.510108
vt 0.444576 0.507568
vt 0.490828 0.509918
vt 0.490828 0.487507
vt 0.447509 0.505152
vt 0.450804 0.502871
vt 0.454474 0.500704
vt 0.450437 0.499145
vt 0.446787 0.497111
vt 0.443518 0.494647
vt 0.440622 0.491796
vt 0.438092 0.488602
vt 0.485039 0.487529
vt 0.435923 0.485110
vt 0.479749 0.486995
vt 0.474958 0.485943
vt 0.470668 0.484408
vt 0.434106 0.481365
vt 0.466880 0.482428
vt 0.463593 0.480037
vt 0.432635 0.477409
vt 0.460810 0.477273
vt 0.431503 0.473287
vt 0.458532 0.474172
vt 0.456758 0.470769
vt 0.430703 0.469043
vt 0.455489 0.467103
vt 0.430228 0.464721
vt 0.454728 0.463208
vt 0.430071 0.460366
vt 0.454474 0.459121
vt 0.430525 0.452970
vt 0.454694 0.455134
vt 0.455344 0.451404
vt 0.431858 0.446000
vt 0.456407 0.447947
vt 0.457868 0.444780
vt 0.434024 0.439496
vt 0.519713 0.418533
vt 0.519713 0.444927
vt 0.516486 0.442842
vt 0.459708 0.441921
vt 0.513278 0.440942
vt 0.461913 0.439387
vt 0.510087 0.439228
vt 0.436979 0.433501
vt 0.464465 0.437196
vt 0.506912 0.437697
vt 0.503751 0.436350
vt 0.467348 0.435364
vt 0.500602 0.435185
vt 0.470546 0.433909
vt 0.497463 0.434202
vt 0.494333 0.433400
vt 0.474042 0.432849
vt 0.440677 0.428056
vt 0.491210 0.432777
vt 0.477821 0.432199
vt 0.488092 0.432333
vt 0.484977 0.432068
vt 0.481864 0.431979
vt 0.445074 0.423202
vt 0.450124 0.418981
vt 0.455783 0.415434
vt 0.516663 0.417034
vt 0.513615 0.415652
vt 0.510570 0.414389
vt 0.462006 0.412604
vt 0.507530 0.413249
vt 0.504497 0.412232
vt 0.468748 0.410530
vt 0.501473 0.411343
vt 0.498460 0.410584
vt 0.495458 0.409956
vt 0.475963 0.409256
vt 0.492470 0.409464
vt 0.489498 0.409109
vt 0.483607 0.408822
vt 0.486543 0.408894
vt 0.354402 0.582697
vt 0.347153 0.583125
vt 0.340153 0.582692
vt 0.361297 0.581446
vt 0.333503 0.581427
vt 0.367785 0.579421
vt 0.327252 0.579378
vt 0.373815 0.576669
vt 0.321450 0.576595
vt 0.379333 0.573240
vt 0.316146 0.573128
vt 0.384286 0.569180
vt 0.311390 0.569025
vt 0.388622 0.564541
vt 0.307230 0.564336
vt 0.392287 0.559368
vt 0.303716 0.559110
vt 0.395230 0.553711
vt 0.300897 0.553396
vt 0.397398 0.547619
vt 0.298822 0.547244
vt 0.398737 0.541139
vt 0.297541 0.540703
vt 0.399195 0.534320
vt 0.372828 0.540166
vt 0.323455 0.539536
vt 0.297103 0.533822
vt 0.373906 0.539590
vt 0.371353 0.539811
vt 0.369500 0.538728
vt 0.374568 0.537875
vt 0.324909 0.539221
vt 0.322387 0.538956
vt 0.326726 0.538206
vt 0.321730 0.537283
vt 0.367291 0.537124
vt 0.328882 0.536688
vt 0.374793 0.534818
vt 0.321506 0.534320
vt 0.364745 0.535203
vt 0.331356 0.534864
vt 0.361881 0.533171
vt 0.334122 0.532931
vt 0.374544 0.531379
vt 0.399040 0.530742
vt 0.321749 0.530943
vt 0.297244 0.530625
vt 0.358720 0.531233
vt 0.337158 0.531085
vt 0.373822 0.528058
vt 0.355281 0.529595
vt 0.340440 0.529523
vt 0.322459 0.527683
vt 0.398583 0.527234
vt 0.297668 0.527395
vt 0.351585 0.528461
vt 0.343946 0.528442
vt 0.347651 0.528038
vt 0.372660 0.524889
vt 0.323603 0.524574
vt 0.298379 0.524154
vt 0.397829 0.523803
vt 0.371094 0.521907
vt 0.325148 0.521648
vt 0.299381 0.520920
vt 0.396788 0.520459
vt 0.369158 0.519146
vt 0.327064 0.518941
vt 0.300677 0.517714
vt 0.395466 0.517207
vt 0.366887 0.516641
vt 0.329318 0.516485
vt 0.302270 0.514555
vt 0.393872 0.514057
vt 0.364314 0.514426
vt 0.331878 0.514314
vt 0.304164 0.511464
vt 0.361475 0.512537
vt 0.334712 0.512463
vt 0.392014 0.511016
vt 0.358405 0.511007
vt 0.337788 0.510964
vt 0.306362 0.508460
vt 0.389899 0.508092
vt 0.355137 0.509871
vt 0.341074 0.509852
vt 0.351707 0.509165
vt 0.344539 0.509160
vt 0.348149 0.508922
vt 0.308869 0.505564
vt 0.387534 0.505292
vt 0.311686 0.502794
vt 0.384929 0.502624
vt 0.314818 0.500172
vt 0.382090 0.500096
vt 0.318269 0.497716
vt 0.379026 0.497716
vt 0.382901 0.495272
vt 0.314508 0.495515
vt 0.311069 0.493031
vt 0.386435 0.492669
vt 0.307954 0.490285
vt 0.389628 0.489904
vt 0.305164 0.487295
vt 0.392481 0.486972
vt 0.348398 0.485764
vt 0.302698 0.484080
vt 0.394995 0.483871
vt 0.352867 0.485539
vt 0.344211 0.485530
vt 0.357046 0.484879
vt 0.340256 0.484844
vt 0.360918 0.483803
vt 0.336559 0.483733
vt 0.300558 0.480660
vt 0.397172 0.480597
vt 0.364463 0.482333
vt 0.333144 0.482223
vt 0.367663 0.480490
vt 0.330038 0.480339
vt 0.298745 0.477052
vt 0.399011 0.477147
vt 0.370497 0.478294
vt 0.327264 0.478107
vt 0.372948 0.475766
vt 0.324848 0.475554
vt 0.400514 0.473517
vt 0.297260 0.473277
vt 0.374995 0.472927
vt 0.322815 0.472705
vt 0.401681 0.469703
vt 0.296103 0.469353
vt 0.376621 0.469797
vt 0.321191 0.469587
vt 0.377806 0.466397
vt 0.402514 0.465703
vt 0.319999 0.466224
vt 0.295276 0.465300
vt 0.378531 0.462749
vt 0.319266 0.462644
vt 0.403013 0.461513
vt 0.294779 0.461136
vt 0.378776 0.458872
vt 0.319016 0.458872
vt 0.403179 0.457129
vt 0.294613 0.456880
vt 0.378522 0.455047
vt 0.319228 0.455361
vt 0.402691 0.450477
vt 0.295091 0.450233
vt 0.319863 0.451951
vt 0.377774 0.451433
vt 0.320918 0.448682
vt 0.376559 0.448052
vt 0.401265 0.444126
vt 0.296488 0.443896
vt 0.322391 0.445592
vt 0.374903 0.444927
vt 0.324279 0.442719
vt 0.372832 0.442083
vt 0.398961 0.438130
vt 0.298745 0.437920
vt 0.326579 0.440103
vt 0.370373 0.439543
vt 0.329289 0.437783
vt 0.367550 0.437329
vt 0.395838 0.432542
vt 0.301807 0.432357
vt 0.332406 0.435797
vt 0.364390 0.435465
vt 0.335928 0.434185
vt 0.360918 0.433975
vt 0.339852 0.432986
vt 0.357162 0.432882
vt 0.344176 0.432237
vt 0.353146 0.432209
vt 0.391954 0.427413
vt 0.305615 0.427258
vt 0.348896 0.431979
vt 0.387367 0.422797
vt 0.310114 0.422673
vt 0.382138 0.418747
vt 0.315245 0.418653
vt 0.376323 0.415314
vt 0.320952 0.415250
vt 0.369984 0.412553
vt 0.327178 0.412514
vt 0.363177 0.410515
vt 0.333866 0.410497
vt 0.355962 0.409254
vt 0.340958 0.409249
vt 0.348398 0.408822
vt 0.238007 0.583016
vt 0.234603 0.583125
vt 0.227150 0.582680
vt 0.241377 0.582687
vt 0.244719 0.582137
vt 0.220132 0.581375
vt 0.248040 0.581363
vt 0.213590 0.579250
vt 0.251348 0.580365
vt 0.254648 0.579141
vt 0.207563 0.576346
vt 0.257949 0.577688
vt 0.261256 0.576005
vt 0.202094 0.572706
vt 0.264577 0.574091
vt 0.267919 0.571943
vt 0.197222 0.568371
vt 0.271289 0.569559
vt 0.274693 0.566939
vt 0.192988 0.563383
vt 0.274693 0.536312
vt 0.271294 0.540424
vt 0.267944 0.544061
vt 0.264639 0.547245
vt 0.261376 0.549998
vt 0.258150 0.552343
vt 0.254959 0.554303
vt 0.251799 0.555899
vt 0.248667 0.557155
vt 0.245559 0.558092
vt 0.242472 0.558734
vt 0.239402 0.559102
vt 0.236346 0.559220
vt 0.189432 0.557782
vt 0.232268 0.558950
vt 0.228395 0.558156
vt 0.224756 0.556866
vt 0.186596 0.551610
vt 0.221378 0.555107
vt 0.218291 0.552905
vt 0.215523 0.550287
vt 0.184520 0.544909
vt 0.213103 0.547280
vt 0.211058 0.543911
vt 0.183245 0.537721
vt 0.209419 0.540206
vt 0.208212 0.536193
vt 0.182810 0.530087
vt 0.207467 0.531898
vt 0.207213 0.527348
vt 0.183126 0.523255
vt 0.207295 0.523912
vt 0.207542 0.520676
vt 0.184092 0.516518
vt 0.207954 0.517602
vt 0.208532 0.514652
vt 0.185736 0.509785
vt 0.209275 0.511789
vt 0.210185 0.508975
vt 0.188086 0.502964
vt 0.211262 0.506171
vt 0.212507 0.503340
vt 0.213918 0.500445
vt 0.191168 0.495963
vt 0.215499 0.497447
vt 0.217247 0.494309
vt 0.195012 0.488690
vt 0.219165 0.490993
vt 0.223003 0.484709
vt 0.199644 0.481054
vt 0.227254 0.478216
vt 0.205092 0.472964
vt 0.231853 0.471563
vt 0.211384 0.464326
vt 0.236734 0.464802
vt 0.241833 0.457981
vt 0.218547 0.455051
vt 0.247085 0.451153
vt 0.226610 0.445047
vt 0.252425 0.444365
vt 0.235599 0.434220
vt 0.257788 0.437669
vt 0.263110 0.431116
vt 0.170609 0.434220
vt 0.170609 0.411063
vt 0.268326 0.424754
vt 0.273371 0.418634
vt 0.278179 0.412806
vt 0.278179 0.411063
vt 1.170609 0.411063
vt 1.146207 0.580884
vt 1.170609 0.580884
vt 1.044364 0.580884
vt 1.074743 0.580884
vt 1.146207 0.494977
vt 1.026187 0.411063
vt 1.146207 0.411063
vt 1.059802 0.411063
vt 0.885683 0.576160
vt 0.961053 0.576125
vt 0.981285 0.564640
vt 0.856895 0.557290
vt 0.849566 0.548879
vt 0.843455 0.539595
vt 0.838613 0.529550
vt 1.011803 0.518770
vt 0.970384 0.518802
vt 0.875794 0.518802
vt 0.870402 0.518497
vt 0.832941 0.507627
vt 0.881980 0.518329
vt 0.975961 0.518497
vt 1.013990 0.507574
vt 0.865861 0.517148
vt 0.956935 0.517344
vt 0.896502 0.516114
vt 0.949201 0.516114
vt 0.862229 0.514488
vt 0.940888 0.514905
vt 0.932064 0.513984
vt 0.859564 0.510249
vt 0.987265 0.510249
vt 0.922799 0.513618
vt 0.988992 0.504167
vt 0.832213 0.495973
vt 1.014733 0.495973
vt 0.857362 0.495973
vt 0.989583 0.495973
vt 1.014010 0.484582
vt 0.989118 0.488115
vt 0.858048 0.488115
vt 0.832922 0.484634
vt 0.938324 0.492053
vt 0.919769 0.492053
vt 0.929185 0.492697
vt 0.946801 0.490363
vt 0.910636 0.490363
vt 0.954590 0.487991
vt 0.901890 0.487991
vt 0.987738 0.482848
vt 0.860037 0.482848
vt 0.961665 0.485301
vt 0.893632 0.485301
vt 0.885964 0.482657
vt 0.835024 0.473609
vt 1.011875 0.473523
vt 0.863227 0.479809
vt 0.973577 0.480422
vt 0.878987 0.480422
vt 0.978363 0.478960
vt 0.982335 0.478634
vt 0.867517 0.478634
vt 0.838481 0.463027
vt 1.008379 0.462922
vt 0.843252 0.453015
vt 1.003574 0.452905
vt 0.849299 0.443703
vt 0.856584 0.435216
vt 0.990237 0.435123
vt 0.865067 0.427685
vt 0.981808 0.427609
vt 0.874709 0.421235
vt 0.972273 0.421180
vt 0.885472 0.415996
vt 0.961683 0.415961
vt 0.950090 0.412079
vt 0.910204 0.409662
vt 0.937543 0.409657
vt 0.924095 0.408822
vt 0.810300 0.558971
vt 0.663886 0.580884
vt 0.810300 0.580884
vt 0.708956 0.558971
vt 0.771954 0.432975
vt 0.817024 0.411063
vt 0.663886 0.432975
vt 0.663886 0.411063
vt 0.605977 0.582471
vt 0.582429 0.580300
vt 0.621074 0.577360
vt 0.575474 0.576861
vt 0.627952 0.572978
vt 0.569089 0.572150
vt 0.563313 0.566229
vt 0.597900 0.559967
vt 0.558184 0.559158
vt 0.601970 0.559579
vt 0.604829 0.558408
vt 0.591326 0.558053
vt 0.553739 0.550998
vt 0.589909 0.555696
vt 0.649330 0.544174
vt 0.589834 0.548300
vt 0.607414 0.545704
vt 0.590781 0.543310
vt 0.606665 0.540477
vt 0.652785 0.534345
vt 0.592122 0.537489
vt 0.605686 0.534410
vt 0.544894 0.520585
vt 0.603691 0.519721
vt 0.597495 0.506384
vt 0.657470 0.499166
vt 0.543119 0.495973
vt 0.597855 0.496772
vt 0.603001 0.491823
vt 0.656926 0.486404
vt 0.597495 0.487127
vt 0.603691 0.482573
vt 0.596544 0.478139
vt 0.655340 0.474318
vt 0.544895 0.471361
vt 0.604640 0.473881
vt 0.595201 0.469840
vt 0.652785 0.462990
vt 0.605687 0.465814
vt 0.547057 0.460296
vt 0.593661 0.462267
vt 0.606666 0.458441
vt 0.649330 0.452503
vt 0.550018 0.450138
vt 0.607414 0.451830
vt 0.590781 0.449435
vt 0.645049 0.442941
vt 0.607768 0.446049
vt 0.553739 0.440949
vt 0.589834 0.444247
vt 0.607564 0.441165
vt 0.589478 0.439924
vt 0.640011 0.434385
vt 0.558184 0.432789
vt 0.589909 0.436500
vt 0.591326 0.434012
vt 0.634288 0.426919
vt 0.601971 0.432588
vt 0.593924 0.432493
vt 0.563313 0.425718
vt 0.597900 0.431979
vt 0.627952 0.420624
vt 0.621074 0.415585
vt 0.613725 0.411883
vt 0.605977 0.409601
vt 0.589918 0.409538
vt 0.597900 0.408822
vt 0.485975 0.583078
vt 0.491879 0.582697
vt 0.468605 0.581709
vt 0.494693 0.582359
vt 0.500104 0.581382
vt 0.502725 0.580738
vt 0.507862 0.579133
vt 0.510401 0.578168
vt 0.515480 0.575904
vt 0.515480 0.552746
vt 0.512629 0.553987
vt 0.504837 0.556942
vt 0.502436 0.557687
vt 0.446443 0.571048
vt 0.442407 0.566913
vt 0.488875 0.559925
vt 0.486595 0.559967
vt 0.482251 0.559767
vt 0.478194 0.559175
vt 0.474441 0.558205
vt 0.462818 0.550795
vt 0.433215 0.545323
vt 0.460846 0.548126
vt 0.457446 0.530841
vt 0.434024 0.526056
vt 0.460948 0.521316
vt 0.436269 0.518994
vt 0.465617 0.516454
vt 0.439758 0.512887
vt 0.472153 0.512878
vt 0.441996 0.510139
vt 0.476121 0.511598
vt 0.480557 0.510671
vt 0.444576 0.507568
vt 0.490828 0.509917
vt 0.490828 0.487507
vt 0.454474 0.500704
vt 0.446787 0.497111
vt 0.443518 0.494647
vt 0.440622 0.491796
vt 0.438092 0.488602
vt 0.485039 0.487529
vt 0.435923 0.485110
vt 0.479749 0.486995
vt 0.474958 0.485943
vt 0.470668 0.484408
vt 0.434106 0.481365
vt 0.466880 0.482428
vt 0.463593 0.480037
vt 0.432635 0.477409
vt 0.460810 0.477273
vt 0.431503 0.473287
vt 0.458532 0.474172
vt 0.456758 0.470769
vt 0.430703 0.469043
vt 0.455489 0.467103
vt 0.430228 0.464721
vt 0.454728 0.463208
vt 0.430071 0.460366
vt 0.454474 0.459121
vt 0.430525 0.452970
vt 0.454694 0.455134
vt 0.455344 0.451404
vt 0.431858 0.446000
vt 0.456407 0.447947
vt 0.457868 0.444780
vt 0.434024 0.439496
vt 0.519713 0.418533
vt 0.516486 0.442842
vt 0.519713 0.444927
vt 0.459708 0.441921
vt 0.513278 0.440942
vt 0.510087 0.439228
vt 0.436979 0.433501
vt 0.464465 0.437196
vt 0.506912 0.437697
vt 0.503751 0.436350
vt 0.500602 0.435185
vt 0.497463 0.434202
vt 0.494333 0.433399
vt 0.474042 0.432848
vt 0.440677 0.428056
vt 0.477821 0.432199
vt 0.488092 0.432333
vt 0.484977 0.432068
vt 0.481864 0.431979
vt 0.445074 0.423202
vt 0.450124 0.418981
vt 0.455783 0.415434
vt 0.516663 0.417034
vt 0.513615 0.415652
vt 0.510570 0.414389
vt 0.462006 0.412604
vt 0.507530 0.413249
vt 0.504497 0.412232
vt 0.468748 0.410530
vt 0.501473 0.411343
vt 0.498460 0.410583
vt 0.495458 0.409956
vt 0.475963 0.409256
vt 0.492470 0.409464
vt 0.489498 0.409109
vt 0.483607 0.408822
vt 0.486543 0.408894
vt 0.354402 0.582697
vt 0.340153 0.582692
vt 0.367785 0.579421
vt 0.379333 0.573239
vt 0.316146 0.573128
vt 0.311390 0.569025
vt 0.388622 0.564540
vt 0.307230 0.564336
vt 0.392287 0.559368
vt 0.303716 0.559110
vt 0.300897 0.553396
vt 0.298822 0.547244
vt 0.297541 0.540703
vt 0.399195 0.534320
vt 0.372828 0.540166
vt 0.297103 0.533822
vt 0.373906 0.539590
vt 0.371353 0.539811
vt 0.369500 0.538728
vt 0.321730 0.537282
vt 0.374793 0.534818
vt 0.321506 0.534320
vt 0.399040 0.530742
vt 0.297244 0.530624
vt 0.358720 0.531233
vt 0.373822 0.528058
vt 0.355281 0.529595
vt 0.340440 0.529523
vt 0.297668 0.527395
vt 0.351585 0.528461
vt 0.343946 0.528442
vt 0.347651 0.528038
vt 0.298379 0.524154
vt 0.397829 0.523803
vt 0.371094 0.521907
vt 0.325148 0.521648
vt 0.299381 0.520920
vt 0.369158 0.519146
vt 0.327064 0.518941
vt 0.300677 0.517714
vt 0.366887 0.516641
vt 0.329318 0.516485
vt 0.302270 0.514555
vt 0.364314 0.514426
vt 0.304164 0.511464
vt 0.361475 0.512537
vt 0.334712 0.512463
vt 0.392014 0.511016
vt 0.337788 0.510964
vt 0.306362 0.508460
vt 0.389899 0.508091
vt 0.355137 0.509871
vt 0.344539 0.509160
vt 0.308869 0.505564
vt 0.387534 0.505291
vt 0.311686 0.502794
vt 0.384929 0.502624
vt 0.314818 0.500172
vt 0.318269 0.497716
vt 0.379026 0.497716
vt 0.382901 0.495272
vt 0.314508 0.495515
vt 0.311069 0.493031
vt 0.386435 0.492669
vt 0.307954 0.490285
vt 0.389628 0.489904
vt 0.305164 0.487295
vt 0.392481 0.486972
vt 0.348398 0.485764
vt 0.302698 0.484080
vt 0.394995 0.483871
vt 0.352867 0.485539
vt 0.344211 0.485530
vt 0.357046 0.484879
vt 0.340256 0.484844
vt 0.360918 0.483803
vt 0.336559 0.483733
vt 0.300558 0.480660
vt 0.397172 0.480597
vt 0.364463 0.482333
vt 0.333144 0.482223
vt 0.367663 0.480490
vt 0.330038 0.480339
vt 0.298745 0.477052
vt 0.399011 0.477147
vt 0.370497 0.478294
vt 0.327264 0.478107
vt 0.372948 0.475766
vt 0.324848 0.475554
vt 0.400514 0.473517
vt 0.297260 0.473277
vt 0.374995 0.472927
vt 0.322815 0.472705
vt 0.296103 0.469353
vt 0.376621 0.469797
vt 0.321191 0.469587
vt 0.377806 0.466397
vt 0.402514 0.465703
vt 0.319999 0.466224
vt 0.295276 0.465300
vt 0.378531 0.462749
vt 0.319266 0.462644
vt 0.403013 0.461513
vt 0.294779 0.461136
vt 0.378776 0.458872
vt 0.319016 0.458872
vt 0.403179 0.457129
vt 0.294613 0.456880
vt 0.378522 0.455047
vt 0.402691 0.450477
vt 0.295091 0.450233
vt 0.319863 0.451951
vt 0.320918 0.448682
vt 0.376559 0.448052
vt 0.401265 0.444126
vt 0.296488 0.443896
vt 0.322391 0.445591
vt 0.374903 0.444927
vt 0.372832 0.442083
vt 0.398961 0.438130
vt 0.298745 0.437920
vt 0.326579 0.440103
vt 0.367550 0.437329
vt 0.395838 0.432542
vt 0.301807 0.432357
vt 0.364390 0.435465
vt 0.335928 0.434185
vt 0.360918 0.433975
vt 0.357162 0.432882
vt 0.344176 0.432237
vt 0.353146 0.432209
vt 0.391954 0.427413
vt 0.305615 0.427258
vt 0.348896 0.431979
vt 0.387367 0.422797
vt 0.382138 0.418747
vt 0.315245 0.418653
vt 0.376323 0.415314
vt 0.320952 0.415250
vt 0.327178 0.412514
vt 0.363177 0.410515
vt 0.333866 0.410497
vt 0.355962 0.409254
vt 0.340958 0.409249
vt 0.348398 0.408822
vt 0.238007 0.583015
vt 0.227150 0.582680
vt 0.234603 0.583125
vt 0.241377 0.582687
vt 0.244719 0.582136
vt 0.220132 0.581375
vt 0.248040 0.581363
vt 0.213590 0.579250
vt 0.251348 0.580365
vt 0.254648 0.579141
vt 0.207563 0.576346
vt 0.257949 0.577688
vt 0.261256 0.576005
vt 0.202094 0.572706
vt 0.264577 0.574090
vt 0.267919 0.571943
vt 0.197222 0.568371
vt 0.271289 0.569559
vt 0.274693 0.566939
vt 0.192988 0.563382
vt 0.274693 0.536312
vt 0.271294 0.540424
vt 0.267944 0.544061
vt 0.264639 0.547245
vt 0.261376 0.549998
vt 0.258150 0.552343
vt 0.254959 0.554302
vt 0.251799 0.555899
vt 0.248667 0.557154
vt 0.245559 0.558092
vt 0.242472 0.558734
vt 0.239402 0.559102
vt 0.236346 0.559220
vt 0.189432 0.557782
vt 0.232268 0.558950
vt 0.228395 0.558156
vt 0.224756 0.556866
vt 0.186596 0.551610
vt 0.221378 0.555107
vt 0.218291 0.552905
vt 0.215523 0.550287
vt 0.184520 0.544909
vt 0.213103 0.547280
vt 0.211058 0.543911
vt 0.183245 0.537721
vt 0.209419 0.540206
vt 0.208212 0.536193
vt 0.182810 0.530087
vt 0.207467 0.531898
vt 0.207213 0.527348
vt 0.183126 0.523255
vt 0.207295 0.523912
vt 0.207542 0.520676
vt 0.184092 0.516518
vt 0.207954 0.517602
vt 0.208532 0.514652
vt 0.185736 0.509785
vt 0.209275 0.511789
vt 0.210185 0.508975
vt 0.188086 0.502964
vt 0.211262 0.506171
vt 0.212506 0.503340
vt 0.213918 0.500445
vt 0.191168 0.495963
vt 0.215499 0.497447
vt 0.217247 0.494309
vt 0.195012 0.488690
vt 0.219165 0.490993
vt 0.223003 0.484709
vt 0.199644 0.481054
vt 0.227254 0.478216
vt 0.205092 0.472963
vt 0.231853 0.471563
vt 0.211384 0.464326
vt 0.236734 0.464802
vt 0.241833 0.457981
vt 0.218547 0.455051
vt 0.247085 0.451153
vt 0.226610 0.445046
vt 0.252425 0.444365
vt 0.235599 0.434220
vt 0.257788 0.437669
vt 0.263110 0.431116
vt 0.170609 0.434220
vt 0.170609 0.411063
vt 0.268326 0.424754
vt 0.273371 0.418634
vt 0.278179 0.412806
vt 0.278179 0.411063
vt 0.463593 0.658310
vt 0.460810 0.658310
vt 0.460810 0.341689
vt 0.463593 0.341689
vt 0.434385 0.658310
vt 0.426919 0.658310
vt 0.426919 0.341689
vt 0.434385 0.341689
vt 0.502964 0.658310
vt 0.509785 0.658310
vt 0.509785 0.341689
vt 0.502964 0.341689
vt 0.462922 0.658310
vt 0.452905 0.658310
vt 0.452905 0.341689
vt 0.462922 0.341689
vt 0.361881 0.658310
vt 0.358720 0.658310
vt 0.358720 0.341689
vt 0.361881 0.341689
vt 0.508975 0.658310
vt 0.506171 0.658310
vt 0.506171 0.341689
vt 0.508975 0.341689
vt 0.450233 0.658310
vt 0.456880 0.658310
vt 0.456880 0.341689
vt 0.450233 0.341689
vt 0.473287 0.658310
vt 0.477409 0.658310
vt 0.477409 0.341689
vt 0.473287 0.341689
vt 0.601971 0.658310
vt 0.604829 0.658310
vt 0.604829 0.341689
vt 0.601971 0.341689
vt 0.503340 0.658310
vt 0.503340 0.341689
vt 0.443703 0.658310
vt 0.453016 0.658310
vt 0.453015 0.341689
vt 0.443703 0.341689
vt 0.455361 0.658310
vt 0.451951 0.658310
vt 0.451951 0.341689
vt 0.455361 0.341689
vt 0.337158 0.658310
vt 0.334122 0.658310
vt 0.334122 0.341689
vt 0.337158 0.341689
vt 0.477273 0.658310
vt 0.474172 0.658310
vt 0.474172 0.341689
vt 0.477273 0.341689
vt 0.591326 0.658310
vt 0.593924 0.658310
vt 0.593924 0.341689
vt 0.591326 0.341689
vt 0.443597 0.658310
vt 0.443597 0.341689
vt 0.500445 0.658310
vt 0.500445 0.341689
vt 0.528058 0.658310
vt 0.531379 0.658310
vt 0.531379 0.341689
vt 0.528058 0.341689
vt 0.470769 0.658310
vt 0.470769 0.341689
vt 0.451433 0.658310
vt 0.455047 0.658310
vt 0.455047 0.341689
vt 0.451433 0.341689
vt 0.355281 0.658310
vt 0.355281 0.341689
vt 0.425718 0.658310
vt 0.432789 0.658310
vt 0.432789 0.341689
vt 0.425718 0.341689
vt 0.435216 0.658310
vt 0.435216 0.341689
vt 0.448682 0.658310
vt 0.448682 0.341689
vt 0.495963 0.658310
vt 0.495963 0.341689
vt 0.435123 0.658310
vt 0.435123 0.341689
vt 0.469043 0.658310
vt 0.469043 0.341689
vt 0.597900 0.658310
vt 0.597900 0.341689
vt 0.497447 0.658310
vt 0.497447 0.341689
vt 0.340440 0.658310
vt 0.340440 0.341689
vt 0.467103 0.658310
vt 0.467103 0.341689
vt 0.448052 0.658310
vt 0.448052 0.341689
vt 0.530943 0.658310
vt 0.527683 0.658310
vt 0.527683 0.341689
vt 0.530943 0.341689
vt 0.494309 0.658310
vt 0.494309 0.341689
vt 0.865067 0.658310
vt 0.856584 0.658310
vt 0.856584 0.341689
vt 0.865067 0.341689
vt 0.450477 0.658310
vt 0.444126 0.658310
vt 0.444126 0.341689
vt 0.450477 0.341689
vt 0.990237 0.658310
vt 0.981808 0.658310
vt 0.981808 0.341689
vt 0.990237 0.341689
vt 0.530742 0.658310
vt 0.527234 0.658310
vt 0.527234 0.341689
vt 0.530742 0.341689
vt 0.464721 0.658310
vt 0.464721 0.341689
vt 0.634288 0.658310
vt 0.627952 0.658310
vt 0.627952 0.341689
vt 0.634288 0.341689
vt 0.463208 0.658310
vt 0.463208 0.341689
vt 0.488690 0.658310
vt 0.488690 0.341689
vt 0.443896 0.658310
vt 0.443896 0.341689
vt 0.490993 0.658310
vt 0.490993 0.341689
vt 0.874709 0.658310
vt 0.874709 0.341689
vt 0.445592 0.658310
vt 0.445591 0.341689
vt 0.527395 0.658310
vt 0.530625 0.658310
vt 0.530624 0.341689
vt 0.527395 0.341689
vt 0.419797 0.658310
vt 0.419797 0.341689
vt 0.972273 0.658310
vt 0.972273 0.341689
vt 0.351585 0.658310
vt 0.351585 0.341689
vt 0.460366 0.658310
vt 0.460366 0.341689
vt 0.621074 0.658310
vt 0.621074 0.341689
vt 0.484709 0.658310
vt 0.484709 0.341689
vt 0.459121 0.658310
vt 0.459121 0.341689
vt 0.444927 0.658310
vt 0.444927 0.341689
vt 0.885472 0.658310
vt 0.885472 0.341689
vt 0.442719 0.658310
vt 0.442719 0.341689
vt 0.343946 0.658310
vt 0.343946 0.341689
vt 0.575474 0.658310
vt 0.569089 0.658310
vt 0.569089 0.341689
vt 0.575474 0.341689
vt 0.481054 0.658310
vt 0.481054 0.341689
vt 0.961683 0.658310
vt 0.961683 0.341689
vt 0.347651 0.658310
vt 0.347651 0.341689
vt 0.452970 0.658310
vt 0.452970 0.341689
vt 0.613725 0.658310
vt 0.613725 0.341689
vt 0.478216 0.658310
vt 0.478216 0.341689
vt 0.455134 0.658310
vt 0.455134 0.341689
vt 0.442083 0.658310
vt 0.442083 0.341689
vt 0.897317 0.658310
vt 0.897317 0.341689
vt 0.438130 0.658310
vt 0.438130 0.341689
vt 0.524889 0.658310
vt 0.524889 0.341689
vt 0.451404 0.658310
vt 0.451404 0.341689
vt 0.582430 0.658310
vt 0.582430 0.341689
vt 0.472964 0.658310
vt 0.472963 0.341689
vt 0.950090 0.658310
vt 0.950090 0.341689
vt 0.524574 0.658310
vt 0.524574 0.341689
vt 0.605977 0.658310
vt 0.605977 0.341689
vt 0.471563 0.658310
vt 0.471563 0.341689
vt 0.437920 0.658310
vt 0.437920 0.341689
vt 0.446000 0.658310
vt 0.446000 0.341689
vt 0.910204 0.658310
vt 0.910204 0.341689
vt 0.440103 0.658310
vt 0.440103 0.341689
vt 0.580884 0.658310
vt 0.411063 0.658310
vt 0.411063 0.341689
vt 0.580884 0.341689
vt 0.524154 0.658310
vt 0.524154 0.341689
vt 0.447947 0.658310
vt 0.447947 0.341689
vt 0.589918 0.658310
vt 0.589918 0.341689
vt 0.464326 0.658310
vt 0.464326 0.341689
vt 0.937543 0.658310
vt 0.937543 0.341689
vt 0.523803 0.658310
vt 0.523803 0.341689
vt 0.464802 0.658310
vt 0.464802 0.341689
vt 1.146207 0.658310
vt 1.170609 0.658310
vt 1.170609 0.341689
vt 1.146207 0.341689
vt 0.444780 0.658310
vt 0.444780 0.341689
vt 0.924095 0.658310
vt 0.924095 0.341689
vt 0.439543 0.658310
vt 0.439543 0.341689
vt 0.482860 0.658310
vt 0.485975 0.658310
vt 0.485975 0.341689
vt 0.482860 0.341689
vt 0.457981 0.658310
vt 0.457981 0.341689
vt 0.326579 0.658310
vt 0.329289 0.658310
vt 0.329289 0.341689
vt 0.326579 0.341689
vt 0.503194 0.658310
vt 0.503194 0.341689
vt 0.521907 0.658310
vt 0.521907 0.341689
vt 0.558971 0.658310
vt 0.558971 0.341689
vt 0.521648 0.658310
vt 0.521648 0.341689
vt 0.439496 0.658310
vt 0.439496 0.341689
vt 0.475494 0.658310
vt 0.475494 0.341689
vt 0.418533 0.658310
vt 0.418533 0.341689
vt 0.488977 0.658310
vt 0.488977 0.341689
vt 0.455051 0.658310
vt 0.455051 0.341689
vt 0.663886 0.658310
vt 0.810300 0.658310
vt 0.810300 0.341689
vt 0.663886 0.341689
vt 0.367550 0.658310
vt 0.370373 0.658310
vt 0.370373 0.341689
vt 0.367550 0.341689
vt 1.044364 0.658310
vt 1.074743 0.658310
vt 1.074743 0.341689
vt 1.044364 0.341689
vt 0.451153 0.658310
vt 0.451153 0.341689
vt 0.708956 0.658310
vt 0.708956 0.341689
vt 0.432542 0.658310
vt 0.432542 0.341689
vt 0.520920 0.658310
vt 0.520920 0.341689
vt 0.516486 0.658310
vt 0.519713 0.658310
vt 0.519713 0.341689
vt 0.516486 0.341689
vt 0.491879 0.658310
vt 0.491879 0.341689
vt 0.500455 0.658310
vt 0.500455 0.341689
vt 0.520459 0.658310
vt 0.520459 0.341689
vt 0.441921 0.658310
vt 0.441921 0.341689
vt 0.445047 0.658310
vt 0.445046 0.341689
vt 0.432975 0.658310
vt 0.580884 0.658310
vt 0.432975 0.341689
vt 0.432357 0.658310
vt 0.432357 0.341689
vt 0.468605 0.658310
vt 0.468605 0.341689
vt 0.444365 0.658310
vt 0.444365 0.341689
vt 0.411063 0.658310
vt 0.332406 0.658310
vt 0.332406 0.341689
vt 0.519146 0.658310
vt 0.519146 0.341689
vt 0.513278 0.658310
vt 0.513278 0.341689
vt 0.494693 0.658310
vt 0.494693 0.341689
vt 0.518941 0.658310
vt 0.518941 0.341689
vt 0.439387 0.658310
vt 0.439387 0.341689
vt 1.026187 0.658310
vt 1.118318 0.658310
vt 1.118318 0.341689
vt 1.026187 0.341689
vt 0.497430 0.658310
vt 0.497430 0.341689
vt 0.434220 0.658310
vt 0.434220 0.341689
vt 0.771954 0.658310
vt 0.771954 0.341689
vt 0.663886 0.341689
vt 0.364390 0.658310
vt 0.364390 0.341689
vt 0.437669 0.658310
vt 0.437669 0.341689
vt 0.817024 0.658310
vt 0.817024 0.341689
vt 0.335928 0.658310
vt 0.335928 0.341689
vt 0.494977 0.658310
vt 0.494977 0.341689
vt 0.517714 0.658310
vt 0.517714 0.341689
vt 0.510087 0.658310
vt 0.510087 0.341689
vt 0.500104 0.658310
vt 0.500104 0.341689
vt 0.432975 0.341689
vt 0.411063 0.341689
vt 1.059802 0.658310
vt 1.059802 0.341689
vt 0.517207 0.658310
vt 0.517207 0.341689
vt 0.431116 0.658310
vt 0.431116 0.341689
vt 0.605977 0.658310
vt 0.605977 0.341689
vt 0.597900 0.341689
vt 0.433501 0.658310
vt 0.433501 0.341689
vt 0.360918 0.658310
vt 0.360918 0.341689
vt 0.923597 0.658310
vt 0.936950 0.658310
vt 0.936950 0.341689
vt 0.923597 0.341689
vt 0.461913 0.658310
vt 0.464465 0.658310
vt 0.464465 0.341689
vt 0.461913 0.341689
vt 0.462224 0.658310
vt 0.462224 0.341689
vt 0.589917 0.658310
vt 0.589917 0.341689
vt 0.339852 0.658310
vt 0.339852 0.341689
vt 0.516641 0.658310
vt 0.516641 0.341689
vt 0.502725 0.658310
vt 0.502725 0.341689
vt 0.170609 0.658310
vt 0.235599 0.658310
vt 0.235599 0.341689
vt 0.170609 0.341689
vt 0.613725 0.658310
vt 0.613725 0.341689
vt 0.910030 0.658310
vt 0.910030 0.341689
vt 0.516485 0.658310
vt 0.516485 0.341689
vt 0.506912 0.658310
vt 0.506912 0.341689
vt 0.505307 0.658310
vt 0.505307 0.341689
vt 0.357162 0.658310
vt 0.357162 0.341689
vt 0.897375 0.658310
vt 0.897375 0.341689
vt 0.424754 0.658310
vt 0.424754 0.341689
vt 0.582429 0.658310
vt 0.582429 0.341689
vt 0.344176 0.658310
vt 0.344176 0.341689
vt 0.949456 0.658310
vt 0.949456 0.341689
vt 0.514555 0.658310
vt 0.514555 0.341689
vt 0.503751 0.658310
vt 0.503751 0.341689
vt 0.507862 0.658310
vt 0.507862 0.341689
vt 0.621074 0.658310
vt 0.621074 0.341689
vt 0.514057 0.658310
vt 0.514057 0.341689
vt 0.467348 0.658310
vt 0.467348 0.341689
vt 0.418634 0.658310
vt 0.418634 0.341689
vt 0.353146 0.658310
vt 0.353146 0.341689
vt 0.885683 0.658310
vt 0.885683 0.341689
vt 0.456383 0.658310
vt 0.456383 0.341689
vt 0.412806 0.658310
vt 0.412806 0.341689
vt 0.575474 0.658310
vt 0.575474 0.341689
vt 0.427413 0.658310
vt 0.427413 0.341689
vt 0.961053 0.658310
vt 0.961053 0.341689
vt 0.364314 0.658310
vt 0.366887 0.658310
vt 0.366887 0.341689
vt 0.364314 0.341689
vt 0.500602 0.658310
vt 0.500602 0.341689
vt 0.510401 0.658310
vt 0.510401 0.341689
vt 0.627952 0.658310
vt 0.627952 0.341689
vt 0.329318 0.658310
vt 0.331878 0.658310
vt 0.331878 0.341689
vt 0.329318 0.341689
vt 0.470546 0.658310
vt 0.470546 0.341689
vt 0.512936 0.658310
vt 0.512936 0.341689
vt 0.278179 0.658310
vt 0.278179 0.341689
vt 0.427258 0.658310
vt 0.427258 0.341689
vt 0.875005 0.658310
vt 0.875005 0.341689
vt 0.569089 0.658310
vt 0.569089 0.341689
vt 0.348896 0.658310
vt 0.348896 0.341689
vt 0.971683 0.658310
vt 0.971683 0.341689
vt 0.511464 0.658310
vt 0.511464 0.341689
vt 0.497463 0.658310
vt 0.497463 0.341689
vt 0.634288 0.658310
vt 0.634288 0.341689
vt 0.451112 0.658310
vt 0.451112 0.341689
vt 0.361475 0.658310
vt 0.361475 0.341689
vt 0.494333 0.658310
vt 0.494333 0.341689
vt 0.515480 0.658310
vt 0.515480 0.341689
vt 0.865392 0.658310
vt 0.865392 0.341689
vt 0.334712 0.658310
vt 0.334712 0.341689
vt 0.474042 0.658310
vt 0.474042 0.341689
vt 0.566229 0.658310
vt 0.572150 0.658310
vt 0.572150 0.341689
vt 0.566229 0.341689
vt 0.981285 0.658310
vt 0.981285 0.341689
vt 0.575904 0.658310
vt 0.552746 0.658310
vt 0.552746 0.341689
vt 0.575904 0.341689
vt 0.567430 0.658310
vt 0.560755 0.658310
vt 0.560755 0.341689
vt 0.567430 0.341689
vt 0.422797 0.658310
vt 0.422797 0.341689
vt 0.511016 0.658310
vt 0.511016 0.341689
vt 0.512629 0.658310
vt 0.512629 0.341689
vt 0.428056 0.658310
vt 0.428056 0.341689
vt 0.856895 0.658310
vt 0.856895 0.341689
vt 0.509916 0.658310
vt 0.509916 0.341689
vt 0.422673 0.658310
vt 0.422673 0.341689
vt 0.989801 0.658310
vt 0.989801 0.341689
vt 0.358405 0.658310
vt 0.358405 0.341689
vt 0.491210 0.658310
vt 0.491210 0.341689
vt 0.387367 0.658310
vt 0.382138 0.658310
vt 0.382138 0.341689
vt 0.387367 0.341689
vt 0.337788 0.658310
vt 0.337788 0.341689
vt 0.477821 0.658310
vt 0.477821 0.341689
vt 0.507325 0.658310
vt 0.507325 0.341689
vt 0.559158 0.658310
vt 0.559158 0.341689
vt 0.552990 0.658310
vt 0.552990 0.341689
vt 0.548879 0.658310
vt 0.557291 0.658310
vt 0.557290 0.341689
vt 0.548879 0.341689
vt 0.504837 0.658310
vt 0.504837 0.341689
vt 0.315245 0.658310
vt 0.310114 0.658310
vt 0.310114 0.341689
vt 0.315245 0.341689
vt 0.557197 0.658310
vt 0.548774 0.658310
vt 0.548774 0.341689
vt 0.557197 0.341689
vt 0.508460 0.658310
vt 0.508460 0.341689
vt 0.488092 0.658310
vt 0.488092 0.341689
vt 0.376323 0.658310
vt 0.376323 0.341689
vt 0.508092 0.658310
vt 0.508091 0.341689
vt 0.601970 0.658310
vt 0.601970 0.341689
vt 0.484977 0.658310
vt 0.484977 0.341689
vt 0.502436 0.658310
vt 0.502436 0.341689
vt 0.593924 0.658310
vt 0.593924 0.341689
vt 0.539595 0.658310
vt 0.539595 0.341689
vt 0.481864 0.658310
vt 0.481864 0.341689
vt 0.320952 0.658310
vt 0.320952 0.341689
vt 0.539484 0.658310
vt 0.539484 0.341689
vt 0.355137 0.658310
vt 0.355137 0.341689
vt 0.500104 0.658310
vt 0.500104 0.341689
vt 0.369984 0.658310
vt 0.369984 0.341689
vt 0.341074 0.658310
vt 0.341074 0.341689
vt 0.604829 0.658310
vt 0.604829 0.341689
vt 0.591326 0.658310
vt 0.591326 0.341689
vt 0.529550 0.658310
vt 0.529550 0.341689
vt 0.446443 0.658310
vt 0.446443 0.341689
vt 0.327178 0.658310
vt 0.327178 0.341689
vt 0.529445 0.658310
vt 0.529445 0.341689
vt 0.351707 0.658310
vt 0.351707 0.341689
vt 0.497823 0.658310
vt 0.497823 0.341689
vt 0.363177 0.658310
vt 0.363177 0.341689
vt 0.344539 0.658310
vt 0.344539 0.341689
vt 0.423202 0.658310
vt 0.423202 0.341689
vt 0.550998 0.658310
vt 0.550998 0.341689
vt 0.495578 0.658310
vt 0.495578 0.341689
vt 0.518856 0.658310
vt 0.518856 0.341689
vt 0.450124 0.658310
vt 0.445074 0.658310
vt 0.445074 0.341689
vt 0.450124 0.341689
vt 0.556444 0.658310
vt 0.558408 0.658310
vt 0.558408 0.341689
vt 0.556444 0.341689
vt 0.333866 0.658310
vt 0.333866 0.341689
vt 0.518770 0.658310
vt 0.518770 0.341689
vt 0.348149 0.658310
vt 0.348149 0.341689
vt 0.558053 0.658310
vt 0.555696 0.658310
vt 0.555696 0.341689
vt 0.558053 0.341689
vt 0.355962 0.658310
vt 0.355962 0.341689
vt 0.455783 0.658310
vt 0.455783 0.341689
vt 0.566913 0.658310
vt 0.571048 0.658310
vt 0.571048 0.341689
vt 0.566913 0.341689
vt 0.516663 0.658310
vt 0.516663 0.341689
vt 0.493349 0.658310
vt 0.493349 0.341689
vt 0.553678 0.658310
vt 0.553678 0.341689
vt 0.340958 0.658310
vt 0.340958 0.341689
vt 0.513615 0.658310
vt 0.513615 0.341689
vt 0.491121 0.658310
vt 0.491121 0.341689
vt 0.552437 0.658310
vt 0.552437 0.341689
vt 0.348398 0.658310
vt 0.348398 0.341689
vt 0.505564 0.658310
vt 0.505564 0.341689
vt 0.875794 0.658310
vt 0.870402 0.658310
vt 0.870402 0.341689
vt 0.875794 0.341689
vt 0.505292 0.658310
vt 0.505291 0.341689
vt 0.510570 0.658310
vt 0.510570 0.341689
vt 0.488875 0.658310
vt 0.488875 0.341689
vt 0.234603 0.658310
vt 0.238007 0.658310
vt 0.238007 0.341689
vt 0.234603 0.341689
vt 0.550102 0.658310
vt 0.550102 0.341689
vt 0.544174 0.658310
vt 0.544174 0.341689
vt 0.227150 0.658310
vt 0.227150 0.341689
vt 0.507627 0.658310
vt 0.507627 0.341689
vt 0.311686 0.658310
vt 0.308869 0.658310
vt 0.308869 0.341689
vt 0.311686 0.341689
vt 0.462006 0.658310
vt 0.462006 0.341689
vt 0.562245 0.658310
vt 0.562245 0.341689
vt 0.241377 0.658310
vt 0.241377 0.341689
vt 0.502624 0.658310
vt 0.502624 0.341689
vt 0.507530 0.658310
vt 0.507530 0.341689
vt 0.486595 0.658310
vt 0.486595 0.341689
vt 0.548300 0.658310
vt 0.548300 0.341689
vt 0.881980 0.658310
vt 0.881980 0.341689
vt 0.244719 0.658310
vt 0.244719 0.341689
vt 0.504497 0.658310
vt 0.504497 0.341689
vt 0.482251 0.658310
vt 0.482251 0.341689
vt 0.975961 0.658310
vt 0.970384 0.658310
vt 0.970384 0.341689
vt 0.975961 0.341689
vt 0.314818 0.658310
vt 0.314818 0.341689
vt 0.541808 0.658310
vt 0.541808 0.341689
vt 0.964019 0.658310
vt 0.964019 0.341689
vt 0.384929 0.658310
vt 0.382090 0.658310
vt 0.382090 0.341689
vt 0.384929 0.341689
vt 0.220132 0.658310
vt 0.220132 0.341689
vt 0.468748 0.658310
vt 0.468748 0.341689
vt 0.557073 0.658310
vt 0.557073 0.341689
vt 0.545704 0.658310
vt 0.545704 0.341689
vt 0.248040 0.658310
vt 0.248040 0.341689
vt 0.507574 0.658310
vt 0.507574 0.341689
vt 0.501473 0.658310
vt 0.501473 0.341689
vt 0.478194 0.658310
vt 0.478194 0.341689
vt 0.543310 0.658310
vt 0.543310 0.341689
vt 0.318269 0.658310
vt 0.318269 0.341689
vt 0.379026 0.658310
vt 0.379026 0.341689
vt 0.498460 0.658310
vt 0.498460 0.341689
vt 0.474441 0.658310
vt 0.474441 0.341689
vt 0.213590 0.658310
vt 0.213590 0.341689
vt 0.980680 0.658310
vt 0.980680 0.341689
vt 0.540477 0.658310
vt 0.540477 0.341689
vt 0.251348 0.658310
vt 0.251348 0.341689
vt 0.865861 0.658310
vt 0.865861 0.341689
vt 0.382901 0.658310
vt 0.382901 0.341689
vt 0.495458 0.658310
vt 0.495458 0.341689
vt 0.471009 0.658310
vt 0.471009 0.341689
vt 0.534345 0.658310
vt 0.534345 0.341689
vt 0.254648 0.658310
vt 0.254648 0.341689
vt 0.537489 0.658310
vt 0.537489 0.341689
vt 0.888902 0.658310
vt 0.888902 0.341689
vt 0.314508 0.658310
vt 0.314508 0.341689
vt 0.475963 0.658310
vt 0.475963 0.341689
vt 0.551423 0.658310
vt 0.551423 0.341689
vt 0.956935 0.658310
vt 0.956935 0.341689
vt 0.492470 0.658310
vt 0.492470 0.341689
vt 0.467917 0.658310
vt 0.467917 0.341689
vt 0.207563 0.658310
vt 0.207563 0.341689
vt 0.311069 0.658310
vt 0.311069 0.341689
vt 0.531651 0.658310
vt 0.531651 0.341689
vt 0.257949 0.658310
vt 0.257949 0.341689
vt 0.386435 0.658310
vt 0.386435 0.341689
vt 0.489498 0.658310
vt 0.489498 0.341689
vt 0.465181 0.658310
vt 0.465181 0.341689
vt 0.896502 0.658310
vt 0.896502 0.341689
vt 0.534410 0.658310
vt 0.534410 0.341689
vt 0.261256 0.658310
vt 0.261256 0.341689
vt 0.949201 0.658310
vt 0.949201 0.341689
vt 0.462818 0.658310
vt 0.462818 0.341689
vt 0.530863 0.658310
vt 0.530863 0.341689
vt 0.307954 0.658310
vt 0.307954 0.341689
vt 0.483607 0.658310
vt 0.483607 0.341689
vt 0.862229 0.658310
vt 0.862229 0.341689
vt 0.389628 0.658310
vt 0.389628 0.341689
vt 0.486543 0.658310
vt 0.486543 0.341689
vt 0.202094 0.658310
vt 0.202094 0.341689
vt 0.545323 0.658310
vt 0.545323 0.341689
vt 0.527495 0.658310
vt 0.527495 0.341689
vt 0.264577 0.658310
vt 0.264577 0.341689
vt 0.347153 0.658310
vt 0.354402 0.658310
vt 0.354402 0.341689
vt 0.347153 0.341689
vt 0.550795 0.658310
vt 0.548126 0.658310
vt 0.548126 0.341689
vt 0.550795 0.341689
vt 0.523542 0.658310
vt 0.523542 0.341689
vt 0.984471 0.658310
vt 0.984471 0.341689
vt 0.487295 0.658310
vt 0.490285 0.658310
vt 0.490285 0.341689
vt 0.487295 0.341689
vt 0.267919 0.658310
vt 0.267919 0.341689
vt 0.489904 0.658310
vt 0.486972 0.658310
vt 0.486972 0.341689
vt 0.489904 0.341689
vt 0.340153 0.658310
vt 0.340153 0.341689
vt 0.545155 0.658310
vt 0.545155 0.341689
vt 0.904723 0.658310
vt 0.904723 0.341689
vt 0.361297 0.658310
vt 0.361297 0.341689
vt 0.520586 0.658310
vt 0.520585 0.341689
vt 0.940888 0.658310
vt 0.940888 0.341689
vt 0.523454 0.658310
vt 0.523454 0.341689
vt 0.197222 0.658310
vt 0.197222 0.341689
vt 0.538802 0.658310
vt 0.538802 0.341689
vt 0.271289 0.658310
vt 0.271289 0.341689
vt 0.333503 0.658310
vt 0.333503 0.341689
vt 0.541897 0.658310
vt 0.541897 0.341689
vt 0.913508 0.658310
vt 0.913508 0.341689
vt 0.484080 0.658310
vt 0.484080 0.341689
vt 0.367785 0.658310
vt 0.367785 0.341689
vt 0.519721 0.658310
vt 0.519721 0.341689
vt 0.274693 0.658310
vt 0.274693 0.341689
vt 0.932064 0.658310
vt 0.932064 0.341689
vt 0.483871 0.658310
vt 0.483871 0.341689
vt 0.538364 0.658310
vt 0.538364 0.341689
vt 0.511803 0.658310
vt 0.511803 0.341689
vt 0.514488 0.658310
vt 0.510249 0.658310
vt 0.510249 0.341689
vt 0.514488 0.341689
vt 0.327252 0.658310
vt 0.327252 0.341689
vt 0.515286 0.658310
vt 0.515286 0.341689
vt 0.563383 0.658310
vt 0.568371 0.658310
vt 0.568371 0.341689
vt 0.563382 0.341689
vt 0.352867 0.658310
vt 0.352867 0.341689
vt 0.373815 0.658310
vt 0.373815 0.341689
vt 0.534239 0.658310
vt 0.534239 0.341689
vt 0.566939 0.658310
vt 0.536312 0.658310
vt 0.536312 0.341689
vt 0.566939 0.341689
vt 0.344211 0.658310
vt 0.344211 0.341689
vt 0.534569 0.658310
vt 0.534569 0.341689
vt 0.540424 0.658310
vt 0.540424 0.341689
vt 0.514488 0.658310
vt 0.508673 0.658310
vt 0.508673 0.341689
vt 0.922799 0.658310
vt 0.922799 0.341689
vt 0.321450 0.658310
vt 0.321450 0.341689
vt 0.530841 0.658310
vt 0.530841 0.341689
vt 0.544061 0.658310
vt 0.544061 0.341689
vt 0.357046 0.658310
vt 0.357046 0.341689
vt 0.379333 0.658310
vt 0.379333 0.341689
vt 0.511079 0.658310
vt 0.511079 0.341689
vt 0.504167 0.658310
vt 0.504167 0.341689
vt 0.340256 0.658310
vt 0.340256 0.341689
vt 0.506384 0.658310
vt 0.506384 0.341689
vt 0.267944 0.658310
vt 0.264639 0.658310
vt 0.264639 0.341689
vt 0.267944 0.341689
vt 0.529997 0.658310
vt 0.529997 0.341689
vt 0.316146 0.658310
vt 0.316146 0.341689
vt 0.527382 0.658310
vt 0.527382 0.341689
vt 0.499166 0.658310
vt 0.499166 0.341689
vt 0.261376 0.658310
vt 0.261376 0.341689
vt 0.504167 0.341689
vt 0.384286 0.658310
vt 0.384286 0.341689
vt 0.336559 0.658310
vt 0.336559 0.341689
vt 0.258150 0.658310
vt 0.258150 0.341689
vt 0.495973 0.658310
vt 0.495973 0.341689
vt 0.526056 0.658310
vt 0.526056 0.341689
vt 0.501561 0.658310
vt 0.501561 0.341689
vt 0.311390 0.658310
vt 0.311390 0.341689
vt 0.524204 0.658310
vt 0.524204 0.341689
vt 0.254959 0.658310
vt 0.254959 0.341689
vt 0.480660 0.658310
vt 0.480660 0.341689
vt 0.569180 0.658310
vt 0.564541 0.658310
vt 0.564540 0.341689
vt 0.569180 0.341689
vt 0.495973 0.658310
vt 0.495973 0.341689
vt 0.480597 0.658310
vt 0.480597 0.341689
vt 0.496772 0.658310
vt 0.496772 0.341689
vt 0.251799 0.658310
vt 0.251799 0.341689
vt 0.522395 0.658310
vt 0.522395 0.341689
vt 0.564336 0.658310
vt 0.569025 0.658310
vt 0.569025 0.341689
vt 0.564336 0.341689
vt 0.521316 0.658310
vt 0.521316 0.341689
vt 0.248667 0.658310
vt 0.248667 0.341689
vt 0.364463 0.658310
vt 0.364463 0.341689
vt 0.559368 0.658310
vt 0.559368 0.341689
vt 0.491823 0.658310
vt 0.491823 0.341689
vt 0.484582 0.658310
vt 0.484582 0.341689
vt 0.333144 0.658310
vt 0.333144 0.341689
vt 0.486404 0.658310
vt 0.486404 0.341689
vt 0.245559 0.658310
vt 0.245559 0.341689
vt 0.518994 0.658310
vt 0.518994 0.341689
vt 0.559110 0.658310
vt 0.559110 0.341689
vt 0.518730 0.658310
vt 0.518730 0.341689
vt 0.487127 0.658310
vt 0.487127 0.341689
vt 0.242472 0.658310
vt 0.242472 0.341689
vt 0.488115 0.658310
vt 0.488115 0.341689
vt 0.367663 0.658310
vt 0.367663 0.341689
vt 0.553711 0.658310
vt 0.553711 0.341689
vt 0.330038 0.658310
vt 0.330038 0.341689
vt 0.239402 0.658310
vt 0.239402 0.341689
vt 0.515831 0.658310
vt 0.515831 0.341689
vt 0.483274 0.658310
vt 0.483274 0.341689
vt 0.553396 0.658310
vt 0.553396 0.341689
vt 0.463049 0.658310
vt 0.465617 0.658310
vt 0.465617 0.341689
vt 0.463049 0.341689
vt 0.484634 0.658310
vt 0.484634 0.341689
vt 0.477052 0.658310
vt 0.477052 0.341689
vt 0.547619 0.658310
vt 0.547619 0.341689
vt 0.482573 0.658310
vt 0.482573 0.341689
vt 0.236346 0.658310
vt 0.236346 0.341689
vt 0.929185 0.658310
vt 0.938324 0.658310
vt 0.938324 0.341689
vt 0.929185 0.341689
vt 0.477147 0.658310
vt 0.477147 0.341689
vt 0.468651 0.658310
vt 0.468651 0.341689
vt 0.478139 0.658310
vt 0.478139 0.341689
vt 0.919769 0.658310
vt 0.919769 0.341689
vt 0.547244 0.658310
vt 0.547244 0.341689
vt 0.474318 0.658310
vt 0.474318 0.341689
vt 0.557782 0.658310
vt 0.557782 0.341689
vt 0.946801 0.658310
vt 0.946801 0.341689
vt 0.370497 0.658310
vt 0.370497 0.341689
vt 0.541139 0.658310
vt 0.541139 0.341689
vt 0.512887 0.658310
vt 0.512887 0.341689
vt 0.232268 0.658310
vt 0.232268 0.341689
vt 0.327264 0.658310
vt 0.327264 0.341689
vt 0.472153 0.658310
vt 0.472153 0.341689
vt 0.471361 0.658310
vt 0.471361 0.341689
vt 0.228395 0.658310
vt 0.228395 0.341689
vt 0.910636 0.658310
vt 0.910636 0.341689
vt 0.540703 0.658310
vt 0.540703 0.341689
vt 0.954590 0.658310
vt 0.954590 0.341689
vt 0.475766 0.658310
vt 0.478294 0.658310
vt 0.478294 0.341689
vt 0.475766 0.341689
vt 0.534320 0.658310
vt 0.534320 0.341689
vt 0.510139 0.658310
vt 0.510139 0.341689
vt 0.473881 0.658310
vt 0.473881 0.341689
vt 0.224756 0.658310
vt 0.224756 0.341689
vt 0.478107 0.658310
vt 0.475554 0.658310
vt 0.475554 0.341689
vt 0.478107 0.341689
vt 0.476121 0.658310
vt 0.476121 0.341689
vt 0.469840 0.658310
vt 0.469840 0.341689
vt 0.901890 0.658310
vt 0.901890 0.341689
vt 0.473517 0.658310
vt 0.473517 0.341689
vt 0.480557 0.658310
vt 0.480557 0.341689
vt 0.462990 0.658310
vt 0.462990 0.341689
vt 0.551610 0.658310
vt 0.551610 0.341689
vt 0.221378 0.658310
vt 0.221378 0.341689
vt 0.482848 0.658310
vt 0.482848 0.341689
vt 0.485459 0.658310
vt 0.485459 0.341689
vt 0.473277 0.658310
vt 0.473277 0.341689
vt 0.465814 0.658310
vt 0.465814 0.341689
vt 0.218291 0.658310
vt 0.218291 0.341689
vt 0.533822 0.658310
vt 0.533822 0.341689
vt 0.961665 0.658310
vt 0.961665 0.341689
vt 0.472927 0.658310
vt 0.472927 0.341689
vt 0.444576 0.658310
vt 0.441996 0.658310
vt 0.441996 0.341689
vt 0.444576 0.341689
vt 0.460296 0.658310
vt 0.460296 0.341689
vt 0.215523 0.658310
vt 0.215523 0.341689
vt 0.472705 0.658310
vt 0.472705 0.341689
vt 0.373906 0.658310
vt 0.372828 0.658310
vt 0.372828 0.341689
vt 0.373906 0.341689
vt 0.490828 0.658310
vt 0.490828 0.341689
vt 0.462267 0.658310
vt 0.462267 0.341689
vt 0.371353 0.658310
vt 0.371353 0.341689
vt 0.893632 0.658310
vt 0.893632 0.341689
vt 0.469703 0.658310
vt 0.469703 0.341689
vt 0.509918 0.658310
vt 0.487507 0.658310
vt 0.487507 0.341689
vt 0.509917 0.341689
vt 0.544909 0.658310
vt 0.544909 0.341689
vt 0.968003 0.658310
vt 0.968003 0.341689
vt 0.369500 0.658310
vt 0.369500 0.341689
vt 0.458441 0.658310
vt 0.458441 0.341689
vt 0.550287 0.658310
vt 0.547280 0.658310
vt 0.547280 0.341689
vt 0.550287 0.341689
vt 0.452503 0.658310
vt 0.452503 0.341689
vt 0.469353 0.658310
vt 0.469353 0.341689
vt 0.447509 0.658310
vt 0.447509 0.341689
vt 0.543911 0.658310
vt 0.543911 0.341689
vt 0.885964 0.658310
vt 0.885964 0.341689
vt 0.537875 0.658310
vt 0.539590 0.658310
vt 0.539590 0.341689
vt 0.537875 0.341689
vt 0.455453 0.658310
vt 0.455453 0.341689
vt 0.469797 0.658310
vt 0.469797 0.341689
vt 0.450804 0.658310
vt 0.450804 0.341689
vt 0.473609 0.658310
vt 0.473609 0.341689
vt 0.469587 0.658310
vt 0.469587 0.341689
vt 0.324909 0.658310
vt 0.323455 0.658310
vt 0.323455 0.341689
vt 0.324909 0.341689
vt 0.537721 0.658310
vt 0.537721 0.341689
vt 0.473523 0.658310
vt 0.473523 0.341689
vt 0.322387 0.658310
vt 0.322387 0.341689
vt 0.454474 0.658310
vt 0.454474 0.341689
vt 0.450138 0.658310
vt 0.450138 0.341689
vt 0.540206 0.658310
vt 0.540206 0.341689
vt 0.466397 0.658310
vt 0.466397 0.341689
vt 0.450437 0.658310
vt 0.450437 0.341689
vt 0.451830 0.658310
vt 0.451830 0.341689
vt 0.536193 0.658310
vt 0.536193 0.341689
vt 0.479809 0.658310
vt 0.479809 0.341689
vt 0.465703 0.658310
vt 0.465703 0.341689
vt 0.326726 0.658310
vt 0.326726 0.341689
vt 0.449435 0.658310
vt 0.449435 0.341689
vt 0.860037 0.658310
vt 0.863227 0.658310
vt 0.863227 0.341689
vt 0.860037 0.341689
vt 0.538956 0.658310
vt 0.537283 0.658310
vt 0.537282 0.341689
vt 0.538956 0.341689
vt 0.446787 0.658310
vt 0.446787 0.341689
vt 0.466224 0.658310
vt 0.466224 0.341689
vt 0.442941 0.658310
vt 0.442941 0.341689
vt 0.530087 0.658310
vt 0.530087 0.341689
vt 0.973577 0.658310
vt 0.973577 0.341689
vt 0.367291 0.658310
vt 0.367291 0.341689
vt 0.443518 0.658310
vt 0.443518 0.341689
vt 0.531898 0.658310
vt 0.531898 0.341689
vt 0.465300 0.658310
vt 0.465300 0.341689
vt 0.440622 0.658310
vt 0.440622 0.341689
vt 0.446049 0.658310
vt 0.446049 0.341689
vt 0.527348 0.658310
vt 0.527348 0.341689
vt 0.878987 0.658310
vt 0.878987 0.341689
vt 0.328882 0.658310
vt 0.328882 0.341689
vt 0.978363 0.658310
vt 0.978363 0.341689
vt 0.462749 0.658310
vt 0.462749 0.341689
vt 0.488602 0.658310
vt 0.491796 0.658310
vt 0.491796 0.341689
vt 0.488602 0.341689
vt 0.440949 0.658310
vt 0.440949 0.341689
vt 0.462644 0.658310
vt 0.462644 0.341689
vt 0.534818 0.658310
vt 0.534818 0.341689
vt 0.485039 0.658310
vt 0.485039 0.341689
vt 0.444247 0.658310
vt 0.444247 0.341689
vt 0.523255 0.658310
vt 0.523255 0.341689
vt 0.523912 0.658310
vt 0.523912 0.341689
vt 0.872804 0.658310
vt 0.872804 0.341689
vt 0.461513 0.658310
vt 0.461513 0.341689
vt 0.364745 0.658310
vt 0.364745 0.341689
vt 0.485110 0.658310
vt 0.485110 0.341689
vt 0.441166 0.658310
vt 0.441165 0.341689
vt 0.520676 0.658310
vt 0.520676 0.341689
vt 0.982335 0.658310
vt 0.985468 0.658310
vt 0.985468 0.341689
vt 0.982335 0.341689
vt 0.479749 0.658310
vt 0.479749 0.341689
vt 0.439924 0.658310
vt 0.439924 0.341689
vt 0.867517 0.658310
vt 0.867517 0.341689
vt 0.461136 0.658310
vt 0.461136 0.341689
vt 0.331356 0.658310
vt 0.331356 0.341689
vt 0.474958 0.658310
vt 0.474958 0.341689
vt 0.516518 0.658310
vt 0.516518 0.341689
vt 0.458872 0.658310
vt 0.458872 0.341689
vt 0.517602 0.658310
vt 0.517602 0.341689
vt 0.470668 0.658310
vt 0.470668 0.341689
vt 0.437249 0.658310
vt 0.437249 0.341689
vt 0.514652 0.658310
vt 0.514652 0.341689
vt 0.457129 0.658310
vt 0.457129 0.341689
vt 0.481365 0.658310
vt 0.481365 0.341689
vt 0.466880 0.658310
vt 0.466880 0.341689
vt 0.436500 0.658310
vt 0.436500 0.341689
vt 0.511789 0.658310
vt 0.511789 0.341689
vt 0.463027 0.658310
vt 0.463027 0.341689
vt 0.434367 0.658310
vt 0.434367 0.341689
vt 0.434012 0.658310
vt 0.434012 0.341689
s 1
f 96/1/1 95/2/1 94/3/1
f 96/1/1 94/3/1 93/4/1
f 93/4/1 92/5/1 91/6/1
f 93/4/1 91/6/1 90/7/1
f 96/1/1 93/4/1 98/8/1
f 98/8/1 93/4/1 90/7/1
f 98/8/1 90/7/1 100/9/1
f 96/1/1 98/8/1 97/10/1
f 99/11/1 98/8/1 100/9/1
f 138/12/1 137/13/1 136/14/1
f 138/12/1 136/14/1 135/15/1
f 139/16/1 138/12/1 135/15/1
f 139/16/1 135/15/1 134/17/1
f 140/18/1 139/16/1 134/17/1
f 140/18/1 134/17/1 133/19/1
f 141/20/1 140/18/1 133/19/1
f 141/20/1 133/19/1 132/21/1
f 142/22/1 141/20/1 132/21/1
f 142/22/1 132/21/1 131/23/1
f 143/24/1 142/22/1 131/23/1
f 143/24/1 131/23/1 130/25/1
f 144/26/1 143/24/1 130/25/1
f 144/26/1 130/25/1 129/27/1
f 145/28/1 144/26/1 129/27/1
f 145/28/1 129/27/1 128/29/1
f 146/30/1 145/28/1 128/29/1
f 146/30/1 128/29/1 127/31/1
f 147/32/1 146/30/1 155/33/1
f 155/33/1 146/30/1 127/31/1
f 155/33/1 127/31/1 167/34/1
f 167/34/1 127/31/1 168/35/1
f 168/35/1 127/31/1 126/36/1
f 155/33/1 167/34/1 166/37/1
f 147/32/1 155/33/1 154/38/1
f 156/39/1 155/33/1 166/37/1
f 148/40/1 147/32/1 153/41/1
f 153/41/1 147/32/1 154/38/1
f 169/42/1 168/35/1 126/36/1
f 156/39/1 166/37/1 165/43/1
f 157/44/1 156/39/1 165/43/1
f 157/44/1 165/43/1 164/45/1
f 158/46/1 157/44/1 164/45/1
f 170/47/1 169/42/1 126/36/1
f 148/40/1 153/41/1 152/48/1
f 158/46/1 164/45/1 163/49/1
f 159/50/1 158/46/1 163/49/1
f 159/50/1 163/49/1 162/51/1
f 160/52/1 159/50/1 162/51/1
f 171/53/1 170/47/1 126/36/1
f 148/40/1 152/48/1 151/54/1
f 160/52/1 162/51/1 161/55/1
f 172/56/1 171/53/1 126/36/1
f 148/40/1 151/54/1 150/57/1
f 172/56/1 126/36/1 125/58/1
f 101/59/1 148/40/1 150/57/1
f 173/60/1 172/56/1 125/58/1
f 101/59/1 150/57/1 149/61/1
f 102/62/1 101/59/1 149/61/1
f 102/62/1 149/61/1 196/63/1
f 174/64/1 173/60/1 125/58/1
f 174/64/1 125/58/1 124/65/1
f 186/66/1 185/67/1 184/68/1
f 187/69/1 186/66/1 184/68/1
f 187/69/1 184/68/1 183/70/1
f 188/71/1 187/69/1 183/70/1
f 188/71/1 183/70/1 182/72/1
f 102/62/1 196/63/1 195/73/1
f 175/74/1 174/64/1 124/65/1
f 189/75/1 188/71/1 182/72/1
f 189/75/1 182/72/1 181/76/1
f 190/77/1 189/75/1 181/76/1
f 190/77/1 181/76/1 180/78/1
f 175/74/1 124/65/1 123/79/1
f 103/80/1 102/62/1 195/73/1
f 103/80/1 195/73/1 194/81/1
f 176/82/1 175/74/1 123/79/1
f 191/83/1 190/77/1 180/78/1
f 191/83/1 180/78/1 179/84/1
f 192/85/1 191/83/1 179/84/1
f 192/85/1 179/84/1 178/86/1
f 103/80/1 194/81/1 193/87/1
f 177/88/1 176/82/1 123/79/1
f 193/87/1 192/85/1 178/86/1
f 193/87/1 178/86/1 177/88/1
f 103/80/1 193/87/1 177/88/1
f 103/80/1 177/88/1 123/79/1
f 103/80/1 123/79/1 122/89/1
f 104/90/1 103/80/1 122/89/1
f 104/90/1 122/89/1 121/91/1
f 105/92/1 104/90/1 121/91/1
f 105/92/1 121/91/1 120/93/1
f 106/94/1 105/92/1 120/93/1
f 106/94/1 120/93/1 119/95/1
f 107/96/1 106/94/1 119/95/1
f 107/96/1 119/95/1 118/97/1
f 108/98/1 107/96/1 118/97/1
f 108/98/1 118/97/1 117/99/1
f 109/100/1 108/98/1 117/99/1
f 109/100/1 117/99/1 116/101/1
f 110/102/1 109/100/1 116/101/1
f 110/102/1 116/101/1 115/103/1
f 111/104/1 110/102/1 115/103/1
f 111/104/1 115/103/1 114/105/1
f 112/106/1 111/104/1 114/105/1
f 112/106/1 114/105/1 113/107/1
f 204/108/1 203/109/1 202/110/1
f 204/108/1 202/110/1 197/111/1
f 197/111/1 202/110/1 201/112/1
f 198/113/1 197/111/1 201/112/1
f 198/113/1 201/112/1 200/114/1
f 198/113/1 200/114/1 199/115/1
f 218/116/1 217/117/1 216/118/1
f 219/119/1 218/116/1 216/118/1
f 219/119/1 216/118/1 215/120/1
f 220/121/1 219/119/1 215/120/1
f 220/121/1 215/120/1 214/122/1
f 221/123/1 220/121/1 214/122/1
f 221/123/1 214/122/1 213/124/1
f 222/125/1 221/123/1 213/124/1
f 222/125/1 213/124/1 212/126/1
f 223/127/1 222/125/1 212/126/1
f 223/127/1 212/126/1 289/128/1
f 289/128/1 212/126/1 211/129/1
f 224/130/1 223/127/1 288/131/1
f 288/131/1 223/127/1 289/128/1
f 290/132/1 289/128/1 211/129/1
f 224/130/1 288/131/1 287/133/1
f 291/134/1 290/132/1 211/129/1
f 291/134/1 211/129/1 210/135/1
f 224/130/1 287/133/1 286/136/1
f 292/137/1 291/134/1 210/135/1
f 224/130/1 286/136/1 285/138/1
f 293/139/1 292/137/1 210/135/1
f 224/130/1 285/138/1 284/140/1
f 225/141/1 224/130/1 284/140/1
f 294/142/1 293/139/1 210/135/1
f 294/142/1 210/135/1 209/143/1
f 225/141/1 284/140/1 283/144/1
f 295/145/1 294/142/1 209/143/1
f 225/141/1 283/144/1 282/146/1
f 226/147/1 225/141/1 282/146/1
f 296/148/1 295/145/1 209/143/1
f 296/148/1 209/143/1 208/149/1
f 226/147/1 282/146/1 281/150/1
f 297/151/1 296/148/1 208/149/1
f 226/147/1 281/150/1 280/152/1
f 227/153/1 226/147/1 280/152/1
f 297/151/1 208/149/1 207/154/1
f 298/155/1 297/151/1 207/154/1
f 227/153/1 280/152/1 279/156/1
f 228/157/1 227/153/1 279/156/1
f 299/158/1 298/155/1 207/154/1
f 299/158/1 207/154/1 206/159/1
f 228/157/1 279/156/1 278/160/1
f 300/161/1 299/158/1 206/159/1
f 229/162/1 228/157/1 278/160/1
f 229/162/1 278/160/1 277/163/1
f 300/161/1 206/159/1 205/164/1
f 253/165/1 300/161/1 205/164/1
f 229/162/1 277/163/1 276/166/1
f 230/167/1 229/162/1 276/166/1
f 254/168/1 253/165/1 205/164/1
f 254/168/1 205/164/1 252/169/1
f 230/167/1 276/166/1 275/170/1
f 255/171/1 254/168/1 252/169/1
f 231/172/1 230/167/1 275/170/1
f 255/171/1 252/169/1 251/173/1
f 231/172/1 275/170/1 274/174/1
f 256/175/1 255/171/1 251/173/1
f 232/176/1 231/172/1 274/174/1
f 232/176/1 274/174/1 273/177/1
f 256/175/1 251/173/1 250/178/1
f 257/179/1 256/175/1 250/178/1
f 232/176/1 273/177/1 272/180/1
f 233/181/1 232/176/1 272/180/1
f 258/182/1 257/179/1 250/178/1
f 258/182/1 250/178/1 249/183/1
f 233/181/1 272/180/1 271/184/1
f 259/185/1 258/182/1 249/183/1
f 234/186/1 233/181/1 271/184/1
f 234/186/1 271/184/1 270/187/1
f 259/185/1 249/183/1 248/188/1
f 260/189/1 259/185/1 248/188/1
f 234/186/1 270/187/1 269/190/1
f 261/191/1 260/189/1 248/188/1
f 235/192/1 234/186/1 269/190/1
f 235/192/1 269/190/1 268/193/1
f 261/191/1 248/188/1 247/194/1
f 262/195/1 261/191/1 247/194/1
f 235/192/1 268/193/1 267/196/1
f 263/197/1 262/195/1 247/194/1
f 236/198/1 235/192/1 267/196/1
f 236/198/1 267/196/1 266/199/1
f 264/200/1 263/197/1 247/194/1
f 264/200/1 247/194/1 246/201/1
f 236/198/1 266/199/1 265/202/1
f 265/202/1 264/200/1 246/201/1
f 236/198/1 265/202/1 246/201/1
f 237/203/1 236/198/1 246/201/1
f 237/203/1 246/201/1 245/204/1
f 238/205/1 237/203/1 245/204/1
f 238/205/1 245/204/1 244/206/1
f 239/207/1 238/205/1 244/206/1
f 239/207/1 244/206/1 243/208/1
f 240/209/1 239/207/1 243/208/1
f 240/209/1 243/208/1 242/210/1
f 241/211/1 240/209/1 242/210/1
f 436/212/1 435/213/1 434/214/1
f 437/215/1 436/212/1 434/214/1
f 438/216/1 437/215/1 434/214/1
f 438/216/1 434/214/1 433/217/1
f 439/218/1 438/216/1 433/217/1
f 440/219/1 439/218/1 433/217/1
f 441/220/1 440/219/1 433/217/1
f 441/220/1 433/217/1 432/221/1
f 442/222/1 441/220/1 432/221/1
f 443/223/1 442/222/1 432/221/1
f 444/224/1 443/223/1 432/221/1
f 444/224/1 432/221/1 431/225/1
f 445/226/1 444/224/1 431/225/1
f 446/227/1 445/226/1 431/225/1
f 446/227/1 431/225/1 430/228/1
f 447/229/1 446/227/1 430/228/1
f 301/230/1 447/229/1 302/231/1
f 302/231/1 447/229/1 303/232/1
f 303/232/1 447/229/1 304/233/1
f 304/233/1 447/229/1 305/234/1
f 305/234/1 447/229/1 430/228/1
f 305/234/1 430/228/1 306/235/1
f 306/235/1 430/228/1 307/236/1
f 307/236/1 430/228/1 429/237/1
f 307/236/1 429/237/1 308/238/1
f 308/238/1 429/237/1 309/239/1
f 309/239/1 429/237/1 428/240/1
f 309/239/1 428/240/1 310/241/1
f 310/241/1 428/240/1 311/242/1
f 311/242/1 428/240/1 312/243/1
f 312/243/1 428/240/1 427/244/1
f 312/243/1 427/244/1 313/245/1
f 313/245/1 427/244/1 314/246/1
f 314/246/1 427/244/1 426/247/1
f 315/248/1 314/246/1 426/247/1
f 316/249/1 315/248/1 426/247/1
f 317/250/1 316/249/1 426/247/1
f 317/250/1 426/247/1 425/251/1
f 318/252/1 317/250/1 425/251/1
f 319/253/1 318/252/1 425/251/1
f 320/254/1 319/253/1 425/251/1
f 320/254/1 425/251/1 424/255/1
f 321/256/1 320/254/1 424/255/1
f 322/257/1 321/256/1 424/255/1
f 322/257/1 424/255/1 423/258/1
f 323/259/1 322/257/1 423/258/1
f 324/260/1 323/259/1 423/258/1
f 324/260/1 423/258/1 422/261/1
f 325/262/1 324/260/1 422/261/1
f 326/263/1 325/262/1 422/261/1
f 326/263/1 422/261/1 421/264/1
f 327/265/1 326/263/1 421/264/1
f 327/265/1 421/264/1 420/266/1
f 328/267/1 327/265/1 420/266/1
f 328/267/1 420/266/1 419/268/1
f 329/269/1 328/267/1 419/268/1
f 329/269/1 419/268/1 418/270/1
f 330/271/1 329/269/1 418/270/1
f 330/271/1 418/270/1 417/272/1
f 331/273/1 330/271/1 417/272/1
f 332/274/1 331/273/1 417/272/1
f 332/274/1 417/272/1 416/275/1
f 333/276/1 332/274/1 416/275/1
f 333/276/1 416/275/1 415/277/1
f 334/278/1 333/276/1 415/277/1
f 335/279/1 334/278/1 415/277/1
f 336/280/1 335/279/1 415/277/1
f 336/280/1 415/277/1 414/281/1
f 337/282/1 336/280/1 414/281/1
f 338/283/1 337/282/1 414/281/1
f 338/283/1 414/281/1 413/284/1
f 338/283/1 413/284/1 412/285/1
f 338/283/1 412/285/1 411/286/1
f 338/283/1 411/286/1 410/287/1
f 338/283/1 410/287/1 409/288/1
f 338/283/1 409/288/1 408/289/1
f 338/283/1 408/289/1 407/290/1
f 338/283/1 407/290/1 406/291/1
f 338/283/1 406/291/1 339/292/1
f 339/292/1 406/291/1 405/293/1
f 340/294/1 339/292/1 405/293/1
f 341/295/1 340/294/1 405/293/1
f 342/296/1 341/295/1 405/293/1
f 342/296/1 405/293/1 404/297/1
f 343/298/1 342/296/1 404/297/1
f 344/299/1 343/298/1 404/297/1
f 344/299/1 404/297/1 403/300/1
f 345/301/1 344/299/1 403/300/1
f 345/301/1 403/300/1 402/302/1
f 346/303/1 345/301/1 402/302/1
f 347/304/1 346/303/1 402/302/1
f 347/304/1 402/302/1 401/305/1
f 348/306/1 347/304/1 401/305/1
f 348/306/1 401/305/1 400/307/1
f 349/308/1 348/306/1 400/307/1
f 349/308/1 400/307/1 399/309/1
f 350/310/1 349/308/1 399/309/1
f 350/310/1 399/309/1 398/311/1
f 351/312/1 350/310/1 398/311/1
f 352/313/1 351/312/1 398/311/1
f 352/313/1 398/311/1 397/314/1
f 353/315/1 352/313/1 397/314/1
f 354/316/1 353/315/1 397/314/1
f 354/316/1 397/314/1 396/317/1
f 375/318/1 374/319/1 373/320/1
f 355/321/1 354/316/1 396/317/1
f 375/318/1 373/320/1 372/322/1
f 356/323/1 355/321/1 396/317/1
f 375/318/1 372/322/1 371/324/1
f 356/323/1 396/317/1 395/325/1
f 357/326/1 356/323/1 395/325/1
f 375/318/1 371/324/1 370/327/1
f 375/318/1 370/327/1 369/328/1
f 358/329/1 357/326/1 395/325/1
f 375/318/1 369/328/1 368/330/1
f 359/331/1 358/329/1 395/325/1
f 375/318/1 368/330/1 367/332/1
f 375/318/1 367/332/1 366/333/1
f 360/334/1 359/331/1 395/325/1
f 360/334/1 395/325/1 394/335/1
f 375/318/1 366/333/1 365/336/1
f 361/337/1 360/334/1 394/335/1
f 375/318/1 365/336/1 364/338/1
f 375/318/1 364/338/1 363/339/1
f 362/340/1 361/337/1 394/335/1
f 375/318/1 363/339/1 362/340/1
f 375/318/1 362/340/1 394/335/1
f 375/318/1 394/335/1 393/341/1
f 375/318/1 393/341/1 392/342/1
f 375/318/1 392/342/1 391/343/1
f 376/344/1 375/318/1 391/343/1
f 377/345/1 376/344/1 391/343/1
f 378/346/1 377/345/1 391/343/1
f 378/346/1 391/343/1 390/347/1
f 379/348/1 378/346/1 390/347/1
f 380/349/1 379/348/1 390/347/1
f 380/349/1 390/347/1 389/350/1
f 381/351/1 380/349/1 389/350/1
f 382/352/1 381/351/1 389/350/1
f 383/353/1 382/352/1 389/350/1
f 383/353/1 389/350/1 388/354/1
f 384/355/1 383/353/1 388/354/1
f 385/356/1 384/355/1 388/354/1
f 385/356/1 388/354/1 387/357/1
f 386/358/1 385/356/1 387/357/1
f 485/359/1 484/360/1 483/361/1
f 486/362/1 485/359/1 483/361/1
f 486/362/1 483/361/1 482/363/1
f 487/364/1 486/362/1 482/363/1
f 487/364/1 482/363/1 481/365/1
f 488/366/1 487/364/1 481/365/1
f 488/366/1 481/365/1 480/367/1
f 489/368/1 488/366/1 480/367/1
f 489/368/1 480/367/1 479/369/1
f 490/370/1 489/368/1 479/369/1
f 490/370/1 479/369/1 478/371/1
f 491/372/1 490/370/1 478/371/1
f 491/372/1 478/371/1 477/373/1
f 492/374/1 491/372/1 477/373/1
f 492/374/1 477/373/1 476/375/1
f 493/376/1 492/374/1 476/375/1
f 493/376/1 476/375/1 475/377/1
f 494/378/1 493/376/1 475/377/1
f 494/378/1 475/377/1 474/379/1
f 495/380/1 494/378/1 474/379/1
f 495/380/1 474/379/1 473/381/1
f 496/382/1 495/380/1 571/383/1
f 571/383/1 495/380/1 473/381/1
f 571/383/1 473/381/1 589/384/1
f 589/384/1 473/381/1 472/385/1
f 496/382/1 571/383/1 570/386/1
f 572/387/1 571/383/1 589/384/1
f 573/388/1 572/387/1 589/384/1
f 496/382/1 570/386/1 569/389/1
f 573/388/1 589/384/1 588/390/1
f 590/391/1 589/384/1 472/385/1
f 573/388/1 588/390/1 587/392/1
f 591/393/1 590/391/1 472/385/1
f 574/394/1 573/388/1 587/392/1
f 574/394/1 587/392/1 586/395/1
f 496/382/1 569/389/1 568/396/1
f 544/397/1 591/393/1 472/385/1
f 575/398/1 574/394/1 586/395/1
f 575/398/1 586/395/1 585/399/1
f 576/400/1 575/398/1 585/399/1
f 576/400/1 585/399/1 584/401/1
f 496/382/1 568/396/1 567/402/1
f 497/403/1 496/382/1 567/402/1
f 545/404/1 544/397/1 472/385/1
f 545/404/1 472/385/1 471/405/1
f 577/406/1 576/400/1 584/401/1
f 577/406/1 584/401/1 583/407/1
f 497/403/1 567/402/1 566/408/1
f 578/409/1 577/406/1 583/407/1
f 578/409/1 583/407/1 582/410/1
f 546/411/1 545/404/1 471/405/1
f 498/412/1 497/403/1 566/408/1
f 546/411/1 471/405/1 470/413/1
f 579/414/1 578/409/1 582/410/1
f 579/414/1 582/410/1 581/415/1
f 580/416/1 579/414/1 581/415/1
f 498/412/1 566/408/1 565/417/1
f 547/418/1 546/411/1 470/413/1
f 547/418/1 470/413/1 469/419/1
f 499/420/1 498/412/1 565/417/1
f 499/420/1 565/417/1 564/421/1
f 548/422/1 547/418/1 469/419/1
f 548/422/1 469/419/1 468/423/1
f 500/424/1 499/420/1 564/421/1
f 500/424/1 564/421/1 563/425/1
f 549/426/1 548/422/1 468/423/1
f 549/426/1 468/423/1 467/427/1
f 501/428/1 500/424/1 563/425/1
f 501/428/1 563/425/1 562/429/1
f 550/430/1 549/426/1 467/427/1
f 550/430/1 467/427/1 466/431/1
f 502/432/1 501/428/1 562/429/1
f 502/432/1 562/429/1 561/433/1
f 551/434/1 550/430/1 466/431/1
f 551/434/1 466/431/1 465/435/1
f 502/432/1 561/433/1 560/436/1
f 552/437/1 551/434/1 465/435/1
f 503/438/1 502/432/1 560/436/1
f 503/438/1 560/436/1 559/439/1
f 553/440/1 552/437/1 465/435/1
f 553/440/1 465/435/1 464/441/1
f 504/442/1 503/438/1 559/439/1
f 504/442/1 559/439/1 558/443/1
f 554/444/1 553/440/1 464/441/1
f 504/442/1 558/443/1 557/445/1
f 555/446/1 554/444/1 464/441/1
f 504/442/1 557/445/1 556/447/1
f 556/447/1 555/446/1 464/441/1
f 504/442/1 556/447/1 464/441/1
f 504/442/1 464/441/1 463/448/1
f 505/449/1 504/442/1 463/448/1
f 505/449/1 463/448/1 462/450/1
f 506/451/1 505/449/1 462/450/1
f 506/451/1 462/450/1 461/452/1
f 507/453/1 506/451/1 461/452/1
f 507/453/1 461/452/1 460/454/1
f 508/455/1 507/453/1 460/454/1
f 509/456/1 508/455/1 460/454/1
f 509/456/1 460/454/1 459/457/1
f 509/456/1 459/457/1 458/458/1
f 510/459/1 509/456/1 458/458/1
f 510/459/1 458/458/1 457/460/1
f 511/461/1 510/459/1 457/460/1
f 511/461/1 457/460/1 456/462/1
f 512/463/1 511/461/1 456/462/1
f 512/463/1 456/462/1 628/464/1
f 628/464/1 456/462/1 455/465/1
f 513/466/1 512/463/1 628/464/1
f 513/466/1 628/464/1 627/467/1
f 629/468/1 628/464/1 455/465/1
f 513/466/1 627/467/1 626/469/1
f 630/470/1 629/468/1 455/465/1
f 513/466/1 626/469/1 625/471/1
f 631/472/1 630/470/1 455/465/1
f 631/472/1 455/465/1 454/473/1
f 514/474/1 513/466/1 625/471/1
f 514/474/1 625/471/1 624/475/1
f 632/476/1 631/472/1 454/473/1
f 514/474/1 624/475/1 623/477/1
f 633/478/1 632/476/1 454/473/1
f 633/478/1 454/473/1 453/479/1
f 515/480/1 514/474/1 623/477/1
f 515/480/1 623/477/1 622/481/1
f 634/482/1 633/478/1 453/479/1
f 515/480/1 622/481/1 621/483/1
f 635/484/1 634/482/1 453/479/1
f 516/485/1 515/480/1 621/483/1
f 635/484/1 453/479/1 452/486/1
f 516/485/1 621/483/1 620/487/1
f 636/488/1 635/484/1 452/486/1
f 517/489/1 516/485/1 620/487/1
f 636/488/1 452/486/1 451/490/1
f 517/489/1 620/487/1 619/491/1
f 637/492/1 636/488/1 451/490/1
f 517/489/1 619/491/1 618/493/1
f 518/494/1 517/489/1 618/493/1
f 638/495/1 637/492/1 451/490/1
f 638/495/1 451/490/1 450/496/1
f 518/494/1 618/493/1 617/497/1
f 639/498/1 638/495/1 450/496/1
f 519/499/1 518/494/1 617/497/1
f 639/498/1 450/496/1 449/500/1
f 519/499/1 617/497/1 616/501/1
f 592/502/1 639/498/1 449/500/1
f 520/503/1 519/499/1 616/501/1
f 592/502/1 449/500/1 448/504/1
f 520/503/1 616/501/1 615/505/1
f 593/506/1 592/502/1 448/504/1
f 521/507/1 520/503/1 615/505/1
f 593/506/1 448/504/1 543/508/1
f 594/509/1 593/506/1 543/508/1
f 521/507/1 615/505/1 614/510/1
f 595/511/1 594/509/1 543/508/1
f 521/507/1 614/510/1 613/512/1
f 522/513/1 521/507/1 613/512/1
f 595/511/1 543/508/1 542/514/1
f 596/515/1 595/511/1 542/514/1
f 522/513/1 613/512/1 612/516/1
f 597/517/1 596/515/1 542/514/1
f 522/513/1 612/516/1 611/518/1
f 523/519/1 522/513/1 611/518/1
f 597/517/1 542/514/1 541/520/1
f 598/521/1 597/517/1 541/520/1
f 523/519/1 611/518/1 610/522/1
f 599/523/1 598/521/1 541/520/1
f 523/519/1 610/522/1 609/524/1
f 524/525/1 523/519/1 609/524/1
f 599/523/1 541/520/1 540/526/1
f 600/527/1 599/523/1 540/526/1
f 524/525/1 609/524/1 608/528/1
f 601/529/1 600/527/1 540/526/1
f 524/525/1 608/528/1 607/530/1
f 602/531/1 601/529/1 540/526/1
f 524/525/1 607/530/1 606/532/1
f 603/533/1 602/531/1 540/526/1
f 524/525/1 606/532/1 605/534/1
f 525/535/1 524/525/1 605/534/1
f 603/533/1 540/526/1 539/536/1
f 604/537/1 603/533/1 539/536/1
f 525/535/1 605/534/1 604/537/1
f 525/535/1 604/537/1 539/536/1
f 526/538/1 525/535/1 539/536/1
f 526/538/1 539/536/1 538/539/1
f 527/540/1 526/538/1 538/539/1
f 527/540/1 538/539/1 537/541/1
f 528/542/1 527/540/1 537/541/1
f 528/542/1 537/541/1 536/543/1
f 529/544/1 528/542/1 536/543/1
f 529/544/1 536/543/1 535/545/1
f 530/546/1 529/544/1 535/545/1
f 530/546/1 535/545/1 534/547/1
f 531/548/1 530/546/1 534/547/1
f 531/548/1 534/547/1 533/549/1
f 532/550/1 531/548/1 533/549/1
f 27/551/1 26/552/1 25/553/1
f 28/554/1 27/551/1 25/553/1
f 29/555/1 28/554/1 25/553/1
f 29/555/1 25/553/1 24/556/1
f 30/557/1 29/555/1 24/556/1
f 30/557/1 24/556/1 23/558/1
f 31/559/1 30/557/1 23/558/1
f 32/560/1 31/559/1 23/558/1
f 32/560/1 23/558/1 22/561/1
f 33/562/1 32/560/1 22/561/1
f 34/563/1 33/562/1 22/561/1
f 34/563/1 22/561/1 21/564/1
f 35/565/1 34/563/1 21/564/1
f 36/566/1 35/565/1 21/564/1
f 36/566/1 21/564/1 20/567/1
f 37/568/1 36/566/1 20/567/1
f 38/569/1 37/568/1 20/567/1
f 38/569/1 20/567/1 19/570/1
f 39/571/1 38/569/1 40/572/1
f 40/572/1 38/569/1 41/573/1
f 41/573/1 38/569/1 42/574/1
f 42/574/1 38/569/1 43/575/1
f 43/575/1 38/569/1 44/576/1
f 44/576/1 38/569/1 45/577/1
f 45/577/1 38/569/1 46/578/1
f 46/578/1 38/569/1 47/579/1
f 47/579/1 38/569/1 48/580/1
f 48/580/1 38/569/1 49/581/1
f 49/581/1 38/569/1 50/582/1
f 50/582/1 38/569/1 19/570/1
f 50/582/1 19/570/1 51/583/1
f 51/583/1 19/570/1 18/584/1
f 52/585/1 51/583/1 18/584/1
f 53/586/1 52/585/1 18/584/1
f 54/587/1 53/586/1 18/584/1
f 54/587/1 18/584/1 17/588/1
f 55/589/1 54/587/1 17/588/1
f 56/590/1 55/589/1 17/588/1
f 57/591/1 56/590/1 17/588/1
f 57/591/1 17/588/1 16/592/1
f 58/593/1 57/591/1 16/592/1
f 59/594/1 58/593/1 16/592/1
f 59/594/1 16/592/1 15/595/1
f 60/596/1 59/594/1 15/595/1
f 61/597/1 60/596/1 15/595/1
f 61/597/1 15/595/1 14/598/1
f 62/599/1 61/597/1 14/598/1
f 63/600/1 62/599/1 14/598/1
f 63/600/1 14/598/1 13/601/1
f 64/602/1 63/600/1 13/601/1
f 65/603/1 64/602/1 13/601/1
f 65/603/1 13/601/1 12/604/1
f 66/605/1 65/603/1 12/604/1
f 67/606/1 66/605/1 12/604/1
f 67/606/1 12/604/1 11/607/1
f 68/608/1 67/606/1 11/607/1
f 69/609/1 68/608/1 11/607/1
f 69/609/1 11/607/1 10/610/1
f 70/611/1 69/609/1 10/610/1
f 71/612/1 70/611/1 10/610/1
f 72/613/1 71/612/1 10/610/1
f 72/613/1 10/610/1 9/614/1
f 73/615/1 72/613/1 9/614/1
f 74/616/1 73/615/1 9/614/1
f 74/616/1 9/614/1 8/617/1
f 75/618/1 74/616/1 8/617/1
f 76/619/1 75/618/1 8/617/1
f 76/619/1 8/617/1 7/620/1
f 77/621/1 76/619/1 7/620/1
f 77/621/1 7/620/1 6/622/1
f 78/623/1 77/621/1 6/622/1
f 78/623/1 6/622/1 5/624/1
f 79/625/1 78/623/1 5/624/1
f 80/626/1 79/625/1 5/624/1
f 80/626/1 5/624/1 4/627/1
f 81/628/1 80/626/1 4/627/1
f 81/628/1 4/627/1 3/629/1
f 82/630/1 81/628/1 3/629/1
f 82/630/1 3/629/1 2/631/1
f 83/632/1 82/630/1 2/631/1
f 84/633/1 83/632/1 2/631/1
f 84/633/1 2/631/1 1/634/1
f 84/633/1 1/634/1 89/635/1
f 85/636/1 84/633/1 89/635/1
f 86/637/1 85/636/1 89/635/1
f 87/638/1 86/637/1 89/635/1
f 88/639/1 87/638/1 89/635/1
f 735/640/2 733/641/2 734/642/2
f 735/640/2 732/4/2 733/641/2
f 732/4/2 730/643/2 731/644/2
f 732/4/2 729/7/2 730/643/2
f 735/640/2 737/645/2 732/4/2
f 737/645/2 729/7/2 732/4/2
f 737/645/2 739/646/2 729/7/2
f 735/640/2 736/647/2 737/645/2
f 738/648/2 739/646/2 737/645/2
f 777/12/2 775/14/2 776/13/2
f 777/12/2 774/15/2 775/14/2
f 778/16/2 774/15/2 777/12/2
f 778/16/2 773/649/2 774/15/2
f 779/650/2 773/649/2 778/16/2
f 779/650/2 772/19/2 773/649/2
f 780/20/2 772/19/2 779/650/2
f 780/20/2 771/21/2 772/19/2
f 781/651/2 771/21/2 780/20/2
f 781/651/2 770/652/2 771/21/2
f 782/24/2 770/652/2 781/651/2
f 782/24/2 769/653/2 770/652/2
f 783/26/2 769/653/2 782/24/2
f 783/26/2 768/654/2 769/653/2
f 784/28/2 768/654/2 783/26/2
f 784/28/2 767/655/2 768/654/2
f 785/30/2 767/655/2 784/28/2
f 785/30/2 766/31/2 767/655/2
f 786/656/2 794/657/2 785/30/2
f 794/657/2 766/31/2 785/30/2
f 794/657/2 806/658/2 766/31/2
f 806/658/2 807/659/2 766/31/2
f 807/659/2 765/660/2 766/31/2
f 794/657/2 805/661/2 806/658/2
f 786/656/2 793/662/2 794/657/2
f 795/39/2 805/661/2 794/657/2
f 787/663/2 792/41/2 786/656/2
f 792/41/2 793/662/2 786/656/2
f 808/664/2 765/660/2 807/659/2
f 795/39/2 804/43/2 805/661/2
f 796/665/2 804/43/2 795/39/2
f 796/665/2 803/666/2 804/43/2
f 797/667/2 803/666/2 796/665/2
f 809/668/2 765/660/2 808/664/2
f 787/663/2 791/48/2 792/41/2
f 797/667/2 802/49/2 803/666/2
f 798/669/2 802/49/2 797/667/2
f 798/669/2 801/51/2 802/49/2
f 799/670/2 801/51/2 798/669/2
f 810/671/2 765/660/2 809/668/2
f 787/663/2 790/672/2 791/48/2
f 799/670/2 800/673/2 801/51/2
f 811/56/2 765/660/2 810/671/2
f 787/663/2 789/674/2 790/672/2
f 811/56/2 764/675/2 765/660/2
f 740/676/2 789/674/2 787/663/2
f 812/677/2 764/675/2 811/56/2
f 740/676/2 788/678/2 789/674/2
f 741/679/2 788/678/2 740/676/2
f 741/679/2 835/680/2 788/678/2
f 813/681/2 764/675/2 812/677/2
f 813/681/2 763/682/2 764/675/2
f 825/683/2 823/684/2 824/685/2
f 826/686/2 823/684/2 825/683/2
f 826/686/2 822/687/2 823/684/2
f 827/688/2 822/687/2 826/686/2
f 827/688/2 821/689/2 822/687/2
f 741/679/2 834/690/2 835/680/2
f 814/691/2 763/682/2 813/681/2
f 828/692/2 821/689/2 827/688/2
f 828/692/2 820/693/2 821/689/2
f 829/77/2 820/693/2 828/692/2
f 829/77/2 819/694/2 820/693/2
f 814/691/2 762/695/2 763/682/2
f 742/696/2 834/690/2 741/679/2
f 742/696/2 833/81/2 834/690/2
f 815/697/2 762/695/2 814/691/2
f 830/698/2 819/694/2 829/77/2
f 830/698/2 818/699/2 819/694/2
f 831/700/2 818/699/2 830/698/2
f 831/700/2 817/86/2 818/699/2
f 742/696/2 832/701/2 833/81/2
f 816/702/2 762/695/2 815/697/2
f 832/701/2 817/86/2 831/700/2
f 832/701/2 816/702/2 817/86/2
f 742/696/2 816/702/2 832/701/2
f 742/696/2 762/695/2 816/702/2
f 742/696/2 761/703/2 762/695/2
f 743/704/2 761/703/2 742/696/2
f 743/704/2 760/705/2 761/703/2
f 744/706/2 760/705/2 743/704/2
f 744/706/2 759/707/2 760/705/2
f 745/94/2 759/707/2 744/706/2
f 745/94/2 758/708/2 759/707/2
f 746/709/2 758/708/2 745/94/2
f 746/709/2 757/710/2 758/708/2
f 747/711/2 757/710/2 746/709/2
f 747/711/2 756/712/2 757/710/2
f 748/713/2 756/712/2 747/711/2
f 748/713/2 755/714/2 756/712/2
f 749/715/2 755/714/2 748/713/2
f 749/715/2 754/103/2 755/714/2
f 750/716/2 754/103/2 749/715/2
f 750/716/2 753/717/2 754/103/2
f 751/718/2 753/717/2 750/716/2
f 751/718/2 752/719/2 753/717/2
f 843/720/2 841/721/2 842/722/2
f 843/720/2 836/723/2 841/721/2
f 836/723/2 840/724/2 841/721/2
f 837/725/2 840/724/2 836/723/2
f 837/725/2 839/726/2 840/724/2
f 837/725/2 838/727/2 839/726/2
f 857/728/2 855/118/2 856/117/2
f 858/119/2 855/118/2 857/728/2
f 858/119/2 854/729/2 855/118/2
f 859/730/2 854/729/2 858/119/2
f 859/730/2 853/731/2 854/729/2
f 860/732/2 853/731/2 859/730/2
f 860/732/2 852/733/2 853/731/2
f 861/125/2 852/733/2 860/732/2
f 861/125/2 851/734/2 852/733/2
f 862/127/2 851/734/2 861/125/2
f 862/127/2 928/735/2 851/734/2
f 928/735/2 850/736/2 851/734/2
f 863/130/2 927/737/2 862/127/2
f 927/737/2 928/735/2 862/127/2
f 929/132/2 850/736/2 928/735/2
f 863/130/2 926/738/2 927/737/2
f 930/739/2 850/736/2 929/132/2
f 930/739/2 849/740/2 850/736/2
f 863/130/2 925/136/2 926/738/2
f 931/741/2 849/740/2 930/739/2
f 863/130/2 924/138/2 925/136/2
f 932/139/2 849/740/2 931/741/2
f 863/130/2 923/140/2 924/138/2
f 864/742/2 923/140/2 863/130/2
f 933/743/2 849/740/2 932/139/2
f 933/743/2 848/143/2 849/740/2
f 864/742/2 922/744/2 923/140/2
f 934/745/2 848/143/2 933/743/2
f 864/742/2 921/746/2 922/744/2
f 865/747/2 921/746/2 864/742/2
f 935/748/2 848/143/2 934/745/2
f 935/748/2 847/149/2 848/143/2
f 865/747/2 920/749/2 921/746/2
f 936/151/2 847/149/2 935/748/2
f 865/747/2 919/152/2 920/749/2
f 866/153/2 919/152/2 865/747/2
f 936/151/2 846/750/2 847/149/2
f 937/155/2 846/750/2 936/151/2
f 866/153/2 918/751/2 919/152/2
f 867/157/2 918/751/2 866/153/2
f 938/158/2 846/750/2 937/155/2
f 938/158/2 845/159/2 846/750/2
f 867/157/2 917/160/2 918/751/2
f 939/752/2 845/159/2 938/158/2
f 868/753/2 917/160/2 867/157/2
f 868/753/2 916/163/2 917/160/2
f 939/752/2 844/754/2 845/159/2
f 892/755/2 844/754/2 939/752/2
f 868/753/2 915/756/2 916/163/2
f 869/757/2 915/756/2 868/753/2
f 893/758/2 844/754/2 892/755/2
f 893/758/2 891/169/2 844/754/2
f 869/757/2 914/759/2 915/756/2
f 894/760/2 891/169/2 893/758/2
f 870/761/2 914/759/2 869/757/2
f 894/760/2 890/762/2 891/169/2
f 870/761/2 913/763/2 914/759/2
f 895/764/2 890/762/2 894/760/2
f 871/765/2 913/763/2 870/761/2
f 871/765/2 912/766/2 913/763/2
f 895/764/2 889/767/2 890/762/2
f 896/768/2 889/767/2 895/764/2
f 871/765/2 911/769/2 912/766/2
f 872/770/2 911/769/2 871/765/2
f 897/182/2 889/767/2 896/768/2
f 897/182/2 888/771/2 889/767/2
f 872/770/2 910/772/2 911/769/2
f 898/773/2 888/771/2 897/182/2
f 873/774/2 910/772/2 872/770/2
f 873/774/2 909/775/2 910/772/2
f 898/773/2 887/776/2 888/771/2
f 899/777/2 887/776/2 898/773/2
f 873/774/2 908/778/2 909/775/2
f 900/779/2 887/776/2 899/777/2
f 874/780/2 908/778/2 873/774/2
f 874/780/2 907/193/2 908/778/2
f 900/779/2 886/781/2 887/776/2
f 901/782/2 886/781/2 900/779/2
f 874/780/2 906/196/2 907/193/2
f 902/783/2 886/781/2 901/782/2
f 875/784/2 906/196/2 874/780/2
f 875/784/2 905/785/2 906/196/2
f 903/786/2 886/781/2 902/783/2
f 903/786/2 885/787/2 886/781/2
f 875/784/2 904/788/2 905/785/2
f 904/788/2 885/787/2 903/786/2
f 875/784/2 885/787/2 904/788/2
f 876/789/2 885/787/2 875/784/2
f 876/789/2 884/204/2 885/787/2
f 877/790/2 884/204/2 876/789/2
f 877/790/2 883/206/2 884/204/2
f 878/791/2 883/206/2 877/790/2
f 878/791/2 882/208/2 883/206/2
f 879/792/2 882/208/2 878/791/2
f 879/792/2 881/793/2 882/208/2
f 880/794/2 881/793/2 879/792/2
f 1075/795/2 1073/214/2 1074/213/2
f 1076/215/2 1073/214/2 1075/795/2
f 1077/796/2 1073/214/2 1076/215/2
f 1077/796/2 1072/797/2 1073/214/2
f 1078/798/2 1072/797/2 1077/796/2
f 1079/219/2 1072/797/2 1078/798/2
f 1080/799/2 1072/797/2 1079/219/2
f 1080/799/2 1071/221/2 1072/797/2
f 1081/800/2 1071/221/2 1080/799/2
f 1082/223/2 1071/221/2 1081/800/2
f 1083/801/2 1071/221/2 1082/223/2
f 1083/801/2 1070/225/2 1071/221/2
f 1084/802/2 1070/225/2 1083/801/2
f 1085/227/2 1070/225/2 1084/802/2
f 1085/227/2 1069/228/2 1070/225/2
f 1086/803/2 1069/228/2 1085/227/2
f 940/804/2 941/805/2 1086/803/2
f 941/805/2 942/232/2 1086/803/2
f 942/232/2 943/233/2 1086/803/2
f 943/233/2 944/806/2 1086/803/2
f 944/806/2 1069/228/2 1086/803/2
f 944/806/2 945/807/3 1069/228/2
f 945/807/3 946/236/4 1069/228/2
f 946/236/4 1068/808/2 1069/228/2
f 946/236/4 947/238/5 1068/808/2
f 947/238/5 948/239/6 1068/808/2
f 948/239/6 1067/809/2 1068/808/2
f 948/239/6 949/241/2 1067/809/2
f 949/241/2 950/242/4 1067/809/2
f 950/242/4 951/810/2 1067/809/2
f 951/810/2 1066/244/2 1067/809/2
f 951/810/2 952/811/2 1066/244/2
f 952/811/2 953/812/2 1066/244/2
f 953/812/2 1065/247/2 1066/244/2
f 954/813/2 1065/247/2 953/812/2
f 955/814/2 1065/247/2 954/813/2
f 956/250/2 1065/247/2 955/814/2
f 956/250/2 1064/251/2 1065/247/2
f 957/252/2 1064/251/2 956/250/2
f 958/253/2 1064/251/2 957/252/2
f 959/815/2 1064/251/2 958/253/2
f 959/815/2 1063/816/2 1064/251/2
f 960/817/2 1063/816/2 959/815/2
f 961/257/2 1063/816/2 960/817/2
f 961/257/2 1062/258/2 1063/816/2
f 962/259/2 1062/258/2 961/257/2
f 963/260/2 1062/258/2 962/259/2
f 963/260/2 1061/261/2 1062/258/2
f 964/262/2 1061/261/2 963/260/2
f 965/818/2 1061/261/2 964/262/2
f 965/818/2 1060/264/2 1061/261/2
f 966/265/2 1060/264/2 965/818/2
f 966/265/2 1059/819/2 1060/264/2
f 967/267/2 1059/819/2 966/265/2
f 967/267/2 1058/268/2 1059/819/2
f 968/820/2 1058/268/2 967/267/2
f 968/820/2 1057/821/2 1058/268/2
f 969/271/2 1057/821/2 968/820/2
f 969/271/2 1056/272/2 1057/821/2
f 970/822/2 1056/272/2 969/271/2
f 971/274/2 1056/272/2 970/822/2
f 971/274/2 1055/823/2 1056/272/2
f 972/824/2 1055/823/2 971/274/2
f 972/824/2 1054/825/2 1055/823/2
f 973/826/2 1054/825/2 972/824/2
f 974/827/2 1054/825/2 973/826/2
f 975/280/2 1054/825/2 974/827/2
f 975/280/2 1053/828/2 1054/825/2
f 976/829/2 1053/828/2 975/280/2
f 977/830/2 1053/828/2 976/829/2
f 977/830/2 1052/284/2 1053/828/2
f 977/830/2 1051/285/2 1052/284/2
f 977/830/2 1050/831/2 1051/285/2
f 977/830/2 1049/287/2 1050/831/2
f 977/830/2 1048/832/2 1049/287/2
f 977/830/2 1047/833/2 1048/832/2
f 977/830/2 1046/834/2 1047/833/2
f 977/830/2 1045/835/2 1046/834/2
f 977/830/2 978/836/2 1045/835/2
f 978/836/2 1044/837/2 1045/835/2
f 979/838/2 1044/837/2 978/836/2
f 980/839/2 1044/837/2 979/838/2
f 981/840/2 1044/837/2 980/839/2
f 981/840/2 1043/841/2 1044/837/2
f 982/842/2 1043/841/2 981/840/2
f 983/843/2 1043/841/2 982/842/2
f 983/843/2 1042/844/2 1043/841/2
f 984/845/2 1042/844/2 983/843/2
f 984/845/2 1041/846/2 1042/844/2
f 985/847/2 1041/846/2 984/845/2
f 986/848/2 1041/846/2 985/847/2
f 986/848/2 1040/849/2 1041/846/2
f 987/850/2 1040/849/2 986/848/2
f 987/850/2 1039/851/2 1040/849/2
f 988/852/2 1039/851/2 987/850/2
f 988/852/2 1038/853/2 1039/851/2
f 989/854/2 1038/853/2 988/852/2
f 989/854/2 1037/855/2 1038/853/2
f 990/856/2 1037/855/2 989/854/2
f 991/857/2 1037/855/2 990/856/2
f 991/857/2 1036/858/2 1037/855/2
f 992/859/2 1036/858/2 991/857/2
f 993/860/2 1036/858/2 992/859/2
f 993/860/2 1035/861/2 1036/858/2
f 1014/862/2 1012/863/2 1013/864/2
f 994/865/2 1035/861/2 993/860/2
f 1014/862/2 1011/866/2 1012/863/2
f 995/323/2 1035/861/2 994/865/2
f 1014/862/2 1010/867/2 1011/866/2
f 995/323/2 1034/868/2 1035/861/2
f 996/869/2 1034/868/2 995/323/2
f 1014/862/2 1009/870/2 1010/867/2
f 1014/862/2 1008/871/2 1009/870/2
f 997/329/2 1034/868/2 996/869/2
f 1014/862/2 1007/872/2 1008/871/2
f 998/331/2 1034/868/2 997/329/2
f 1014/862/2 1006/873/2 1007/872/2
f 1014/862/2 1005/874/2 1006/873/2
f 999/875/2 1034/868/2 998/331/2
f 999/875/2 1033/876/2 1034/868/2
f 1014/862/2 1004/336/2 1005/874/2
f 1000/877/2 1033/876/2 999/875/2
f 1014/862/2 1003/878/2 1004/336/2
f 1014/862/2 1002/879/2 1003/878/2
f 1001/880/2 1033/876/2 1000/877/2
f 1014/862/2 1001/880/2 1002/879/2
f 1014/862/2 1033/876/2 1001/880/2
f 1014/862/2 1032/881/2 1033/876/2
f 1014/862/2 1031/882/2 1032/881/2
f 1014/862/2 1030/883/2 1031/882/2
f 1015/884/2 1030/883/2 1014/862/2
f 1016/885/2 1030/883/2 1015/884/2
f 1017/886/2 1030/883/2 1016/885/2
f 1017/886/2 1029/887/2 1030/883/2
f 1018/888/2 1029/887/2 1017/886/2
f 1019/889/2 1029/887/2 1018/888/2
f 1019/889/2 1028/890/2 1029/887/2
f 1020/891/2 1028/890/2 1019/889/2
f 1021/892/2 1028/890/2 1020/891/2
f 1022/893/2 1028/890/2 1021/892/2
f 1022/893/2 1027/894/2 1028/890/2
f 1023/895/2 1027/894/2 1022/893/2
f 1024/896/2 1027/894/2 1023/895/2
f 1024/896/2 1026/897/2 1027/894/2
f 1025/898/2 1026/897/2 1024/896/2
f 1124/899/2 1122/900/2 1123/360/2
f 1125/362/2 1122/900/2 1124/899/2
f 1125/362/2 1121/363/2 1122/900/2
f 1126/901/2 1121/363/2 1125/362/2
f 1126/901/2 1120/365/2 1121/363/2
f 1127/366/2 1120/365/2 1126/901/2
f 1127/366/2 1119/367/2 1120/365/2
f 1128/902/2 1119/367/2 1127/366/2
f 1128/902/2 1118/903/2 1119/367/2
f 1129/370/2 1118/903/2 1128/902/2
f 1129/370/2 1117/904/2 1118/903/2
f 1130/905/2 1117/904/2 1129/370/2
f 1130/905/2 1116/906/2 1117/904/2
f 1131/907/2 1116/906/2 1130/905/2
f 1131/907/2 1115/908/2 1116/906/2
f 1132/376/2 1115/908/2 1131/907/2
f 1132/376/2 1114/909/2 1115/908/2
f 1133/378/2 1114/909/2 1132/376/2
f 1133/378/2 1113/910/2 1114/909/2
f 1134/380/2 1113/910/2 1133/378/2
f 1134/380/2 1112/911/2 1113/910/2
f 1135/912/2 1210/913/2 1134/380/2
f 1210/913/2 1112/911/2 1134/380/2
f 1210/913/2 1228/384/2 1112/911/2
f 1228/384/2 1111/914/2 1112/911/2
f 1135/912/2 1209/915/2 1210/913/2
f 1211/916/2 1228/384/2 1210/913/2
f 1212/917/2 1228/384/2 1211/916/2
f 1135/912/2 1208/389/2 1209/915/2
f 1212/917/2 1227/390/2 1228/384/2
f 1229/391/2 1111/914/2 1228/384/2
f 1212/917/2 1226/392/2 1227/390/2
f 1230/918/2 1111/914/2 1229/391/2
f 1213/394/2 1226/392/2 1212/917/2
f 1213/394/2 1225/395/2 1226/392/2
f 1135/912/2 1207/919/2 1208/389/2
f 1183/920/2 1111/914/2 1230/918/2
f 1214/398/2 1225/395/2 1213/394/2
f 1214/398/2 1224/399/2 1225/395/2
f 1215/400/2 1224/399/2 1214/398/2
f 1215/400/2 1223/401/2 1224/399/2
f 1135/912/2 1206/402/2 1207/919/2
f 1136/921/2 1206/402/2 1135/912/2
f 1184/404/2 1111/914/2 1183/920/2
f 1184/404/2 1110/922/2 1111/914/2
f 1216/923/2 1223/401/2 1215/400/2
f 1216/923/2 1222/407/2 1223/401/2
f 1136/921/2 1205/924/2 1206/402/2
f 1217/925/2 1222/407/2 1216/923/2
f 1217/925/2 1221/926/2 1222/407/2
f 1185/411/2 1110/922/2 1184/404/2
f 1137/412/2 1205/924/2 1136/921/2
f 1185/411/2 1109/927/2 1110/922/2
f 1218/928/2 1221/926/2 1217/925/2
f 1218/928/2 1220/929/2 1221/926/2
f 1219/930/2 1220/929/2 1218/928/2
f 1137/412/2 1204/417/2 1205/924/2
f 1186/418/2 1109/927/2 1185/411/2
f 1186/418/2 1108/931/2 1109/927/2
f 1138/932/2 1204/417/2 1137/412/2
f 1138/932/2 1203/933/2 1204/417/2
f 1187/934/2 1108/931/2 1186/418/2
f 1187/934/2 1107/935/2 1108/931/2
f 1139/424/2 1203/933/2 1138/932/2
f 1139/424/2 1202/936/2 1203/933/2
f 1188/937/2 1107/935/2 1187/934/2
f 1188/937/2 1106/938/2 1107/935/2
f 1140/428/2 1202/936/2 1139/424/2
f 1140/428/2 1201/939/2 1202/936/2
f 1189/940/2 1106/938/2 1188/937/2
f 1189/940/2 1105/941/2 1106/938/2
f 1141/432/2 1201/939/2 1140/428/2
f 1141/432/2 1200/942/2 1201/939/2
f 1190/434/2 1105/941/2 1189/940/2
f 1190/434/2 1104/943/2 1105/941/2
f 1141/432/2 1199/944/2 1200/942/2
f 1191/945/2 1104/943/2 1190/434/2
f 1142/946/2 1199/944/2 1141/432/2
f 1142/946/2 1198/439/2 1199/944/2
f 1192/947/2 1104/943/2 1191/945/2
f 1192/947/2 1103/948/2 1104/943/2
f 1143/949/2 1198/439/2 1142/946/2
f 1143/949/2 1197/950/2 1198/439/2
f 1193/444/2 1103/948/2 1192/947/2
f 1143/949/2 1196/445/2 1197/950/2
f 1194/951/2 1103/948/2 1193/444/2
f 1143/949/2 1195/447/2 1196/445/2
f 1195/447/2 1103/948/2 1194/951/2
f 1143/949/2 1103/948/2 1195/447/2
f 1143/949/2 1102/952/2 1103/948/2
f 1144/953/2 1102/952/2 1143/949/2
f 1144/953/2 1101/954/2 1102/952/2
f 1145/955/2 1101/954/2 1144/953/2
f 1145/955/2 1100/956/2 1101/954/2
f 1146/453/2 1100/956/2 1145/955/2
f 1146/453/2 1099/957/2 1100/956/2
f 1147/958/2 1099/957/2 1146/453/2
f 1148/959/2 1099/957/2 1147/958/2
f 1148/959/2 1098/960/2 1099/957/2
f 1148/959/2 1097/961/2 1098/960/2
f 1149/962/2 1097/961/2 1148/959/2
f 1149/962/2 1096/963/2 1097/961/2
f 1150/964/2 1096/963/2 1149/962/2
f 1150/964/2 1095/965/2 1096/963/2
f 1151/966/2 1095/965/2 1150/964/2
f 1151/966/2 1267/967/2 1095/965/2
f 1267/967/2 1094/968/2 1095/965/2
f 1152/969/2 1267/967/2 1151/966/2
f 1152/969/2 1266/970/2 1267/967/2
f 1268/971/7 1094/968/2 1267/967/2
f 1152/969/2 1265/972/2 1266/970/2
f 1269/973/2 1094/968/2 1268/971/7
f 1152/969/2 1264/974/2 1265/972/2
f 1270/975/2 1094/968/2 1269/973/2
f 1270/975/2 1093/976/2 1094/968/2
f 1153/977/2 1264/974/2 1152/969/2
f 1153/977/2 1263/978/2 1264/974/2
f 1271/979/2 1093/976/2 1270/975/2
f 1153/977/2 1262/980/2 1263/978/2
f 1272/981/2 1093/976/2 1271/979/2
f 1272/981/2 1092/982/2 1093/976/2
f 1154/983/2 1262/980/2 1153/977/2
f 1154/983/2 1261/984/2 1262/980/2
f 1273/985/2 1092/982/2 1272/981/2
f 1154/983/2 1260/986/2 1261/984/2
f 1274/987/2 1092/982/2 1273/985/2
f 1155/988/2 1260/986/2 1154/983/2
f 1274/987/2 1091/989/2 1092/982/2
f 1155/988/2 1259/990/2 1260/986/2
f 1275/991/2 1091/989/2 1274/987/2
f 1156/489/2 1259/990/2 1155/988/2
f 1275/991/2 1090/992/2 1091/989/2
f 1156/489/2 1258/993/2 1259/990/2
f 1276/994/2 1090/992/2 1275/991/2
f 1156/489/2 1257/995/2 1258/993/2
f 1157/996/2 1257/995/2 1156/489/2
f 1277/997/2 1090/992/2 1276/994/2
f 1277/997/2 1089/998/2 1090/992/2
f 1157/996/2 1256/999/2 1257/995/2
f 1278/1000/2 1089/998/2 1277/997/2
f 1158/1001/2 1256/999/2 1157/996/2
f 1278/1000/2 1088/1002/2 1089/998/2
f 1158/1001/2 1255/1003/2 1256/999/2
f 1231/1004/2 1088/1002/2 1278/1000/2
f 1159/1005/2 1255/1003/2 1158/1001/2
f 1231/1004/2 1087/1006/2 1088/1002/2
f 1159/1005/2 1254/1007/2 1255/1003/2
f 1232/506/2 1087/1006/2 1231/1004/2
f 1160/1008/2 1254/1007/2 1159/1005/2
f 1232/506/2 1182/1009/2 1087/1006/2
f 1233/1010/2 1182/1009/2 1232/506/2
f 1160/1008/2 1253/510/2 1254/1007/2
f 1234/1011/2 1182/1009/2 1233/1010/2
f 1160/1008/2 1252/1012/2 1253/510/2
f 1161/1013/2 1252/1012/2 1160/1008/2
f 1234/1011/2 1181/1014/2 1182/1009/2
f 1235/1015/2 1181/1014/2 1234/1011/2
f 1161/1013/2 1251/1016/2 1252/1012/2
f 1236/517/2 1181/1014/2 1235/1015/2
f 1161/1013/2 1250/1017/2 1251/1016/2
f 1162/1018/2 1250/1017/2 1161/1013/2
f 1236/517/2 1180/1019/2 1181/1014/2
f 1237/1020/2 1180/1019/2 1236/517/2
f 1162/1018/2 1249/522/2 1250/1017/2
f 1238/523/2 1180/1019/2 1237/1020/2
f 1162/1018/2 1248/1021/2 1249/522/2
f 1163/1022/2 1248/1021/2 1162/1018/2
f 1238/523/2 1179/1023/2 1180/1019/2
f 1239/527/2 1179/1023/2 1238/523/2
f 1163/1022/2 1247/1024/2 1248/1021/2
f 1240/1025/2 1179/1023/2 1239/527/2
f 1163/1022/2 1246/1026/2 1247/1024/2
f 1241/531/2 1179/1023/2 1240/1025/2
f 1163/1022/2 1245/1027/2 1246/1026/2
f 1242/1028/2 1179/1023/2 1241/531/2
f 1163/1022/2 1244/1029/2 1245/1027/2
f 1164/1030/2 1244/1029/2 1163/1022/2
f 1242/1028/2 1178/1031/2 1179/1023/2
f 1243/1032/2 1178/1031/2 1242/1028/2
f 1164/1030/2 1243/1032/2 1244/1029/2
f 1164/1030/2 1178/1031/2 1243/1032/2
f 1165/1033/2 1178/1031/2 1164/1030/2
f 1165/1033/2 1177/539/2 1178/1031/2
f 1166/1034/2 1177/539/2 1165/1033/2
f 1166/1034/2 1176/1035/2 1177/539/2
f 1167/1036/2 1176/1035/2 1166/1034/2
f 1167/1036/2 1175/1037/2 1176/1035/2
f 1168/544/2 1175/1037/2 1167/1036/2
f 1168/544/2 1174/1038/2 1175/1037/2
f 1169/1039/2 1174/1038/2 1168/544/2
f 1169/1039/2 1173/1040/2 1174/1038/2
f 1170/1041/2 1173/1040/2 1169/1039/2
f 1170/1041/2 1172/1042/2 1173/1040/2
f 1171/1043/2 1172/1042/2 1170/1041/2
f 666/1044/2 664/1045/2 665/1046/2
f 667/1047/2 664/1045/2 666/1044/2
f 668/1048/2 664/1045/2 667/1047/2
f 668/1048/2 663/1049/2 664/1045/2
f 669/1050/2 663/1049/2 668/1048/2
f 669/1050/2 662/1051/2 663/1049/2
f 670/1052/2 662/1051/2 669/1050/2
f 671/1053/2 662/1051/2 670/1052/2
f 671/1053/2 661/1054/2 662/1051/2
f 672/1055/2 661/1054/2 671/1053/2
f 673/1056/2 661/1054/2 672/1055/2
f 673/1056/2 660/1057/2 661/1054/2
f 674/1058/2 660/1057/2 673/1056/2
f 675/1059/2 660/1057/2 674/1058/2
f 675/1059/2 659/1060/2 660/1057/2
f 676/1061/2 659/1060/2 675/1059/2
f 677/1062/2 659/1060/2 676/1061/2
f 677/1062/2 658/1063/2 659/1060/2
f 678/1064/2 679/1065/2 677/1062/2
f 679/1065/2 680/1066/2 677/1062/2
f 680/1066/2 681/1067/2 677/1062/2
f 681/1067/2 682/1068/2 677/1062/2
f 682/1068/2 683/1069/2 677/1062/2
f 683/1069/2 684/1070/2 677/1062/2
f 684/1070/2 685/1071/2 677/1062/2
f 685/1071/2 686/1072/2 677/1062/2
f 686/1072/2 687/1073/2 677/1062/2
f 687/1073/2 688/1074/2 677/1062/2
f 688/1074/2 689/1075/2 677/1062/2
f 689/1075/2 658/1063/2 677/1062/2
f 689/1075/2 690/1076/2 658/1063/2
f 690/1076/2 657/1077/2 658/1063/2
f 691/1078/2 657/1077/2 690/1076/2
f 692/1079/2 657/1077/2 691/1078/2
f 693/1080/2 657/1077/2 692/1079/2
f 693/1080/2 656/1081/2 657/1077/2
f 694/1082/2 656/1081/2 693/1080/2
f 695/1083/2 656/1081/2 694/1082/2
f 696/1084/2 656/1081/2 695/1083/2
f 696/1084/2 655/1085/2 656/1081/2
f 697/1086/2 655/1085/2 696/1084/2
f 698/1087/2 655/1085/2 697/1086/2
f 698/1087/2 654/1088/2 655/1085/2
f 699/1089/2 654/1088/2 698/1087/2
f 700/1090/2 654/1088/2 699/1089/2
f 700/1090/2 653/1091/2 654/1088/2
f 701/1092/2 653/1091/2 700/1090/2
f 702/1093/2 653/1091/2 701/1092/2
f 702/1093/2 652/1094/2 653/1091/2
f 703/1095/2 652/1094/2 702/1093/2
f 704/1096/2 652/1094/2 703/1095/2
f 704/1096/2 651/1097/2 652/1094/2
f 705/1098/2 651/1097/2 704/1096/2
f 706/1099/2 651/1097/2 705/1098/2
f 706/1099/2 650/1100/2 651/1097/2
f 707/1101/2 650/1100/2 706/1099/2
f 708/1102/2 650/1100/2 707/1101/2
f 708/1102/2 649/1103/2 650/1100/2
f 709/1104/2 649/1103/2 708/1102/2
f 710/1105/2 649/1103/2 709/1104/2
f 711/1106/2 649/1103/2 710/1105/2
f 711/1106/2 648/1107/2 649/1103/2
f 712/1108/2 648/1107/2 711/1106/2
f 713/1109/2 648/1107/2 712/1108/2
f 713/1109/2 647/1110/2 648/1107/2
f 714/1111/2 647/1110/2 713/1109/2
f 715/1112/2 647/1110/2 714/1111/2
f 715/1112/2 646/1113/2 647/1110/2
f 716/1114/2 646/1113/2 715/1112/2
f 716/1114/2 645/1115/2 646/1113/2
f 717/1116/2 645/1115/2 716/1114/2
f 717/1116/2 644/1117/2 645/1115/2
f 718/1118/2 644/1117/2 717/1116/2
f 719/1119/2 644/1117/2 718/1118/2
f 719/1119/2 643/1120/2 644/1117/2
f 720/1121/2 643/1120/2 719/1119/2
f 720/1121/2 642/1122/2 643/1120/2
f 721/1123/2 642/1122/2 720/1121/2
f 721/1123/2 641/1124/2 642/1122/2
f 722/1125/2 641/1124/2 721/1123/2
f 723/1126/2 641/1124/2 722/1125/2
f 723/1126/2 640/1127/2 641/1124/2
f 723/1126/2 728/1128/2 640/1127/2
f 724/1129/2 728/1128/2 723/1126/2
f 725/1130/2 728/1128/2 724/1129/2
f 726/1131/2 728/1128/2 725/1130/2
f 727/1132/2 728/1128/2 726/1131/2
f 344/1133/8 345/1134/9 984/1135/9 983/1136/8
f 235/1137/10 236/1138/11 875/1139/11 874/1140/10
f 10/1141/12 11/1142/13 650/1143/13 649/1144/12
f 104/1145/14 105/1146/15 744/1147/15 743/1148/14
f 576/1149/16 577/1150/17 1216/1151/17 1215/1152/16
f 69/1153/18 70/1154/19 709/1155/19 708/1156/18
f 543/1157/20 448/1158/21 1087/1159/21 1182/1160/20
f 402/1161/22 403/1162/23 1042/1163/23 1041/1164/22
f 266/1165/24 267/1166/25 906/1167/25 905/1168/24
f 70/1154/19 71/1169/26 710/1170/26 709/1155/19
f 120/1171/27 121/1172/28 760/1173/28 759/1174/27
f 593/1175/29 594/1176/30 1233/1177/30 1232/1178/29
f 583/1179/31 584/1180/32 1223/1181/32 1222/1182/31
f 345/1183/9 346/1184/33 985/1185/33 984/1186/9
f 263/1187/34 264/1188/35 903/1189/35 902/1190/34
f 105/1146/15 106/1191/36 745/1192/36 744/1147/15
f 71/1169/26 72/1193/37 711/1194/37 710/1170/26
f 566/1195/38 567/1196/39 1206/1197/39 1205/1198/38
f 346/1184/33 347/1199/40 986/1200/40 985/1185/33
f 614/1201/41 615/1202/42 1254/1203/42 1253/1204/41
f 577/1150/17 578/1205/43 1217/1206/43 1216/1151/17
f 246/1207/44 247/1208/45 886/1209/45 885/1210/44
f 119/1211/46 120/1171/27 759/1174/27 758/1212/46
f 594/1176/30 595/1213/47 1234/1214/47 1233/1177/30
f 9/1215/48 10/1141/12 649/1144/12 648/1216/48
f 106/1191/36 107/1217/49 746/1218/49 745/1192/36
f 401/1219/50 402/1161/22 1041/1164/22 1040/1220/50
f 265/1221/51 266/1165/24 905/1168/24 904/1222/51
f 72/1193/37 73/1223/52 712/1224/52 711/1194/37
f 582/1225/53 583/1179/31 1222/1182/31 1221/1226/53
f 347/1199/40 348/1227/54 987/1228/54 986/1200/40
f 264/1188/35 265/1221/51 904/1222/51 903/1189/35
f 613/1229/55 614/1201/41 1253/1204/41 1252/1230/55
f 545/1231/56 546/1232/57 1185/1233/57 1184/1234/56
f 73/1223/52 74/1235/58 713/1236/58 712/1224/52
f 118/1237/59 119/1238/46 758/1239/46 757/1240/59
f 521/1241/60 522/1242/61 1161/1243/61 1160/1244/60
f 107/1245/49 108/1246/62 747/1247/62 746/1248/49
f 497/1249/63 498/1250/64 1137/1251/64 1136/1252/63
f 400/1253/65 401/1219/50 1040/1220/50 1039/1254/65
f 236/1255/11 237/1256/66 876/1257/66 875/1258/11
f 348/1227/54 349/1259/67 988/1260/67 987/1228/54
f 8/1261/68 9/1215/48 648/1216/48 647/1262/68
f 542/1263/69 543/1157/20 1182/1160/20 1181/1264/69
f 74/1235/58 75/1265/70 714/1266/70 713/1236/58
f 117/1267/71 118/1237/59 757/1240/59 756/1268/71
f 595/1213/47 596/1269/72 1235/1270/72 1234/1214/47
f 470/1271/73 471/1272/74 1110/1273/74 1109/1274/73
f 245/1275/75 246/1207/44 885/1210/44 884/1276/75
f 108/1246/62 109/1277/76 748/1278/76 747/1247/62
f 578/1205/43 579/1279/77 1218/1280/77 1217/1206/43
f 399/1281/78 400/1253/65 1039/1254/65 1038/1282/78
f 237/1256/66 238/1283/79 877/1284/79 876/1257/66
f 75/1265/70 76/1285/80 715/1286/80 714/1266/70
f 349/1259/67 350/1287/81 989/1288/81 988/1260/67
f 612/1289/82 613/1229/55 1252/1230/55 1251/1290/82
f 116/1291/83 117/1267/71 756/1268/71 755/1292/83
f 596/1269/72 597/1293/84 1236/1294/84 1235/1270/72
f 581/1295/85 582/1225/53 1221/1226/53 1220/1296/85
f 244/1297/86 245/1298/75 884/1299/75 883/1300/86
f 7/1301/87 8/1261/68 647/1262/68 646/1302/87
f 109/1277/76 110/1303/88 749/1304/88 748/1278/76
f 579/1279/77 580/1305/89 1219/1306/89 1218/1280/77
f 398/1307/90 399/1281/78 1038/1282/78 1037/1308/90
f 238/1283/79 239/1309/91 878/1310/91 877/1284/79
f 76/1285/80 77/1311/92 716/1312/92 715/1286/80
f 580/1305/89 581/1295/85 1220/1296/85 1219/1306/89
f 350/1287/81 351/1313/93 990/1314/93 989/1288/81
f 611/1315/94 612/1289/82 1251/1290/82 1250/1316/94
f 115/1317/95 116/1291/83 755/1292/83 754/1318/95
f 522/1242/61 523/1319/96 1162/1320/96 1161/1243/61
f 565/1321/97 566/1195/38 1205/1198/38 1204/1322/97
f 351/1313/93 352/1323/98 991/1324/98 990/1314/93
f 243/1325/99 244/1297/86 883/1300/86 882/1326/99
f 6/1327/100 7/1301/87 646/1302/87 645/1328/100
f 110/1303/88 111/1329/101 750/1330/101 749/1304/88
f 546/1232/57 547/1331/102 1186/1332/102 1185/1233/57
f 239/1309/91 240/1333/103 879/1334/103 878/1310/91
f 77/1311/92 78/1335/104 717/1336/104 716/1312/92
f 541/1337/105 542/1263/69 1181/1264/69 1180/1338/105
f 397/1339/106 398/1307/90 1037/1308/90 1036/1340/106
f 114/1341/107 115/1317/95 754/1318/95 753/1342/107
f 597/1293/84 598/1343/108 1237/1344/108 1236/1294/84
f 95/1345/109 96/1346/109 735/1347/109 734/1348/109
f 469/1349/110 470/1271/73 1109/1274/73 1108/1350/110
f 352/1323/98 353/1351/111 992/1352/111 991/1324/98
f 242/1353/112 243/1325/99 882/1326/99 881/1354/112
f 5/1355/113 6/1327/100 645/1328/100 644/1356/113
f 111/1329/101 112/1357/114 751/1358/114 750/1330/101
f 498/1250/64 499/1359/115 1138/1360/115 1137/1251/64
f 240/1333/103 241/1221/116 880/1222/116 879/1334/103
f 78/1335/104 79/1361/117 718/1362/117 717/1336/104
f 94/1363/118 95/1364/118 734/1365/118 733/1366/118
f 353/1351/111 354/1367/119 993/1368/119 992/1352/111
f 241/1221/116 242/1353/112 881/1354/112 880/1222/116
f 112/1357/114 113/1369/120 752/1370/120 751/1358/114
f 610/1371/121 611/1315/94 1250/1316/94 1249/1372/121
f 435/1373/122 436/1374/123 1075/1375/123 1074/1376/122
f 79/1361/117 80/1377/124 719/1378/124 718/1362/117
f 113/1369/120 114/1341/107 753/1342/107 752/1370/120
f 598/1379/108 599/1380/125 1238/1381/125 1237/1382/108
f 93/1383/126 94/1345/126 733/1348/126 732/1384/126
f 564/1385/127 565/1321/97 1204/1322/97 1203/1386/127
f 203/1345/109 204/1387/109 843/1388/109 842/1348/109
f 92/1345/128 93/1383/129 732/1384/129 731/1348/128
f 547/1331/102 548/1389/130 1187/1390/130 1186/1332/102
f 396/1391/131 397/1339/106 1036/1340/106 1035/1392/131
f 434/1393/132 435/1373/122 1074/1376/122 1073/1394/132
f 374/1289/109 375/1395/133 1014/1396/133 1013/1290/109
f 436/1374/123 437/1397/134 1076/1398/134 1075/1375/123
f 4/1399/135 5/1355/113 644/1356/113 643/1400/135
f 202/1401/118 203/1402/118 842/1403/118 841/1404/118
f 609/1405/136 610/1406/121 1249/1407/121 1248/1408/136
f 91/1409/118 92/1410/128 731/1411/128 730/1412/118
f 80/1377/124 81/1413/137 720/1414/137 719/1378/124
f 204/1402/138 197/1415/138 836/1416/138 843/1403/138
f 523/1319/96 524/1417/139 1163/1418/139 1162/1320/96
f 468/1419/140 469/1349/110 1108/1350/110 1107/1420/140
f 373/1421/141 374/1422/142 1013/1423/142 1012/1424/141
f 437/1397/134 438/1425/143 1077/1426/143 1076/1398/134
f 90/1427/144 91/1345/144 730/1348/144 729/1428/144
f 499/1359/115 500/1429/145 1139/1430/145 1138/1360/115
f 354/1367/119 355/1431/146 994/1432/146 993/1368/119
f 3/1433/147 4/1399/135 643/1400/135 642/1434/147
f 201/1435/148 202/1436/148 841/1348/148 840/1437/148
f 540/1438/149 541/1337/105 1180/1338/105 1179/1439/149
f 433/1440/150 434/1393/132 1073/1394/132 1072/1441/150
f 81/1413/137 82/1442/151 721/1443/151 720/1414/137
f 197/1387/152 198/1444/152 837/1347/152 836/1388/152
f 599/1380/125 600/1445/153 1239/1446/153 1238/1381/125
f 563/1447/154 564/1385/127 1203/1386/127 1202/1448/154
f 372/1449/155 373/1421/141 1012/1424/141 1011/1450/155
f 438/1425/143 439/1451/156 1078/1452/156 1077/1426/143
f 548/1389/130 549/1453/157 1188/1454/157 1187/1390/130
f 355/1431/146 356/1455/158 995/1456/158 994/1432/146
f 100/1457/159 90/1458/159 729/1459/159 739/1460/159
f 439/1451/156 440/1461/160 1079/1462/160 1078/1452/156
f 2/1463/161 3/1433/147 642/1434/147 641/1464/161
f 200/1401/118 201/1465/118 840/1466/118 839/1467/118
f 608/1468/162 609/1405/136 1248/1408/136 1247/1469/162
f 96/1364/138 97/1363/138 736/1366/138 735/1365/138
f 82/1442/151 83/1470/163 722/1471/163 721/1443/151
f 198/1472/138 199/1401/138 838/1467/138 837/1473/138
f 600/1445/153 601/1474/164 1240/1475/164 1239/1446/153
f 97/1346/126 98/1476/126 737/1477/126 736/1347/126
f 467/1478/165 468/1419/140 1107/1420/140 1106/1479/165
f 371/1480/166 372/1449/155 1011/1450/155 1010/1481/167
f 440/1461/160 441/1482/168 1080/1483/168 1079/1462/160
f 199/1444/126 200/1435/126 839/1484/126 838/1485/126
f 98/1363/169 99/1486/170 738/1487/170 737/1366/169
f 500/1429/145 501/1488/171 1140/1489/171 1139/1430/145
f 83/1470/163 84/1490/172 723/1491/172 722/1471/163
f 217/1221/173 218/1492/174 857/1493/174 856/1494/173
f 99/1486/170 100/1457/138 739/1460/138 738/1487/170
f 395/1495/175 396/1391/131 1035/1392/131 1034/1496/175
f 607/1497/176 608/1468/162 1247/1469/162 1246/1498/176
f 137/1499/177 138/1500/178 777/1501/178 776/1502/177
f 356/1503/158 357/1504/179 996/1505/179 995/1506/158
f 432/1507/180 433/1440/150 1072/1441/150 1071/1508/180
f 216/1509/181 217/1221/173 856/1494/173 855/1510/181
f 601/1474/164 602/1511/182 1241/1512/182 1240/1475/164
f 562/1513/183 563/1447/154 1202/1448/154 1201/1514/183
f 441/1482/168 442/1515/184 1081/1516/184 1080/1483/168
f 1/1517/118 2/1518/118 641/1519/118 640/1520/118
f 218/1492/174 219/1521/185 858/1522/185 857/1493/174
f 136/1523/186 137/1499/177 776/1502/177 775/1524/186
f 549/1453/157 550/1525/187 1189/1526/187 1188/1454/157
f 370/1527/188 371/1480/166 1010/1481/167 1009/1528/188
f 442/1515/184 443/1529/189 1082/1530/189 1081/1516/184
f 89/1444/126 1/1463/126 640/1464/126 728/1485/126
f 606/1531/190 607/1497/176 1246/1498/176 1245/1532/190
f 135/1533/191 136/1523/186 775/1524/186 774/1534/191
f 84/1490/172 85/1535/192 724/1536/192 723/1491/172
f 215/1537/193 216/1509/181 855/1510/181 854/1538/193
f 602/1511/182 603/1539/194 1242/1540/194 1241/1512/182
f 138/1500/178 139/1541/195 778/1542/195 777/1501/178
f 466/1543/196 467/1478/165 1106/1479/165 1105/1544/196
f 369/1545/197 370/1527/188 1009/1528/188 1008/1546/197
f 443/1529/189 444/1547/198 1083/1548/198 1082/1530/189
f 219/1521/185 220/1549/199 859/1550/199 858/1522/185
f 501/1488/171 502/1551/200 1141/1552/200 1140/1489/171
f 357/1504/179 358/1553/201 997/1554/201 996/1505/179
f 85/1535/192 86/1555/202 725/1556/202 724/1536/192
f 605/1557/203 606/1531/190 1245/1532/190 1244/1558/203
f 134/1559/204 135/1533/191 774/1534/191 773/1560/204
f 431/1561/205 432/1507/180 1071/1508/180 1070/1562/205
f 86/1555/202 87/1563/206 726/1564/206 725/1556/202
f 214/1565/207 215/1537/193 854/1538/193 853/1566/207
f 524/1417/139 525/1567/208 1164/1568/208 1163/1418/139
f 139/1541/195 140/1569/209 779/1570/209 778/1542/195
f 561/1571/210 562/1572/183 1201/1573/183 1200/1574/210
f 368/1575/211 369/1545/197 1008/1546/197 1007/1576/211
f 444/1547/198 445/1577/212 1084/1578/212 1083/1548/198
f 220/1549/199 221/1579/213 860/1580/213 859/1550/199
f 550/1581/187 551/1582/214 1190/1583/214 1189/1584/187
f 358/1553/201 359/1585/215 998/1586/215 997/1554/201
f 87/1563/206 88/1444/109 727/1485/109 726/1564/206
f 445/1577/212 446/1587/216 1085/1588/216 1084/1578/212
f 88/1589/138 89/1517/138 728/1520/138 727/1590/138
f 539/1591/217 540/1438/149 1179/1439/149 1178/1592/217
f 133/1593/218 134/1559/204 773/1560/204 772/1594/218
f 213/1595/219 214/1565/207 853/1566/207 852/1596/219
f 603/1539/194 604/1597/220 1243/1598/220 1242/1540/194
f 140/1569/209 141/1599/221 780/1600/221 779/1570/209
f 465/1601/222 466/1543/196 1105/1544/196 1104/1602/222
f 367/1603/223 368/1575/211 1007/1576/211 1006/1604/223
f 221/1579/213 222/1605/224 861/1606/224 860/1580/213
f 430/1607/225 431/1561/205 1070/1562/205 1069/1608/225
f 560/1609/226 561/1571/210 1200/1574/210 1199/1610/226
f 366/1611/227 367/1603/223 1006/1604/223 1005/1612/227
f 446/1587/216 447/1613/228 1086/1614/228 1085/1588/216
f 604/1597/220 605/1557/203 1244/1558/203 1243/1598/220
f 132/1615/229 133/1593/218 772/1594/218 771/1616/229
f 551/1582/214 552/1617/230 1191/1618/230 1190/1583/214
f 359/1585/215 360/1619/231 999/1620/231 998/1586/215
f 212/1621/232 213/1622/219 852/1623/219 851/1624/232
f 141/1599/221 142/1625/233 781/1626/233 780/1600/221
f 447/1627/228 301/1628/109 940/1629/109 1086/1630/228
f 222/1631/224 223/1632/234 862/1633/234 861/1634/224
f 525/1567/208 526/1635/235 1165/1636/235 1164/1568/208
f 502/1551/200 503/1637/236 1142/1638/236 1141/1552/200
f 301/1613/237 302/1639/238 941/1640/238 940/1614/237
f 394/1641/239 395/1495/175 1034/1496/175 1033/1642/239
f 131/1643/240 132/1615/229 771/1616/229 770/1644/240
f 302/1639/238 303/1645/241 942/1646/241 941/1640/238
f 538/1647/242 539/1591/217 1178/1592/217 1177/1648/242
f 142/1625/233 143/1649/243 782/1650/243 781/1626/233
f 559/1651/244 560/1609/226 1199/1610/226 1198/1652/244
f 365/1653/245 366/1611/227 1005/1612/227 1004/1654/245
f 526/1655/235 527/1656/246 1166/1657/246 1165/1658/235
f 552/1617/230 553/1659/247 1192/1660/247 1191/1618/230
f 360/1619/231 361/1661/248 1000/1662/248 999/1620/231
f 303/1645/241 304/1663/249 943/1664/249 942/1646/241
f 211/1665/250 212/1621/232 851/1624/232 850/1666/250
f 223/1632/234 224/1667/251 863/1668/251 862/1633/234
f 130/1669/252 131/1670/240 770/1671/240 769/1672/252
f 304/1663/249 305/1673/253 944/1674/253 943/1664/249
f 537/1675/254 538/1676/242 1177/1677/242 1176/1678/254
f 143/1679/243 144/1680/255 783/1681/255 782/1682/243
f 464/1683/256 465/1601/222 1104/1602/222 1103/1684/256
f 364/1685/257 365/1653/245 1004/1654/245 1003/1686/257
f 527/1656/246 528/1687/258 1167/1688/258 1166/1657/246
f 503/1637/236 504/1689/259 1143/1690/259 1142/1638/236
f 288/1691/260 289/1221/261 928/1222/261 927/1692/260
f 363/1693/262 364/1685/257 1003/1686/257 1002/1694/262
f 305/1673/253 306/1695/263 945/1696/263 944/1674/253
f 289/1221/261 290/1697/264 929/1698/264 928/1222/261
f 129/1699/265 130/1669/252 769/1672/252 768/1700/265
f 361/1661/248 362/1701/266 1001/1702/266 1000/1662/248
f 536/1703/267 537/1675/254 1176/1678/254 1175/1704/267
f 144/1680/255 145/1705/268 784/1706/268 783/1681/255
f 558/1707/269 559/1651/244 1198/1652/244 1197/1708/269
f 306/1695/263 307/1709/270 946/1710/270 945/1696/263
f 528/1687/258 529/1711/271 1168/1712/271 1167/1688/258
f 553/1659/247 554/1713/272 1193/1714/272 1192/1660/247
f 287/1715/273 288/1691/260 927/1692/260 926/1716/273
f 362/1701/266 363/1693/262 1002/1694/262 1001/1702/266
f 290/1697/264 291/1717/274 930/1718/274 929/1698/264
f 128/1719/275 129/1699/265 768/1700/265 767/1720/275
f 429/1721/276 430/1607/225 1069/1608/225 1068/1722/276
f 535/1723/277 536/1703/267 1175/1704/267 1174/1724/277
f 145/1705/268 146/1725/278 785/1726/278 784/1706/268
f 557/1727/279 558/1707/269 1197/1708/269 1196/1728/279
f 307/1709/270 308/1729/280 947/1730/280 946/1710/270
f 529/1711/271 530/1731/281 1169/1732/281 1168/1712/271
f 554/1713/272 555/1733/282 1194/1734/282 1193/1714/272
f 393/1735/283 394/1641/239 1033/1642/239 1032/1736/283
f 210/1737/284 211/1665/250 850/1666/250 849/1738/284
f 308/1729/280 309/1739/285 948/1740/285 947/1730/280
f 127/1741/286 128/1719/275 767/1720/275 766/1742/286
f 392/1743/287 393/1744/283 1032/1745/283 1031/1746/287
f 286/1747/288 287/1748/273 926/1749/273 925/1750/288
f 534/1751/289 535/1723/277 1174/1724/277 1173/1752/289
f 146/1725/278 147/1753/290 786/1754/290 785/1726/278
f 556/1755/291 557/1727/279 1196/1728/279 1195/1756/291
f 291/1757/274 292/1758/292 931/1759/292 930/1760/274
f 530/1731/281 531/1761/293 1170/1762/293 1169/1732/281
f 555/1733/282 556/1755/291 1195/1756/291 1194/1734/282
f 391/1763/294 392/1743/287 1031/1746/287 1030/1764/294
f 428/1765/295 429/1766/276 1068/1767/276 1067/1768/295
f 375/1422/133 376/1769/296 1015/1770/296 1014/1423/133
f 309/1739/285 310/1771/297 949/1772/297 948/1740/285
f 285/1773/298 286/1747/288 925/1750/288 924/1774/298
f 533/1775/299 534/1751/289 1173/1752/289 1172/1776/299
f 376/1769/296 377/1777/300 1016/1778/300 1015/1770/296
f 310/1771/297 311/1779/301 950/1780/301 949/1772/297
f 292/1758/292 293/1781/302 932/1782/302 931/1759/292
f 531/1761/293 532/1783/303 1171/1784/303 1170/1762/293
f 463/1785/304 464/1683/256 1103/1684/256 1102/1786/304
f 532/1783/303 533/1775/299 1172/1776/299 1171/1784/303
f 167/1787/305 168/1788/306 807/1789/306 806/1790/305
f 504/1689/259 505/1791/307 1144/1792/307 1143/1690/259
f 377/1777/300 378/1793/308 1017/1794/308 1016/1778/300
f 311/1779/301 312/1795/309 951/1796/309 950/1780/301
f 26/1797/310 27/1798/311 666/1799/311 665/1800/310
f 284/1801/312 285/1773/298 924/1774/298 923/1802/312
f 224/1667/251 225/1803/313 864/1804/313 863/1668/251
f 25/1805/314 26/1797/310 665/1800/310 664/1806/314
f 126/1807/315 127/1741/286 766/1742/286 765/1808/315
f 462/1809/316 463/1810/304 1102/1811/304 1101/1812/316
f 390/1813/317 391/1763/294 1030/1764/294 1029/1814/317
f 427/1815/318 428/1765/295 1067/1768/295 1066/1816/318
f 27/1798/311 28/1817/319 667/1818/319 666/1799/311
f 505/1791/307 506/1819/320 1145/1820/320 1144/1792/307
f 378/1793/308 379/1821/321 1018/1822/321 1017/1794/308
f 312/1795/309 313/1823/322 952/1824/322 951/1796/309
f 293/1781/302 294/1825/323 933/1826/323 932/1782/302
f 166/1827/324 167/1787/305 806/1790/305 805/1828/324
f 28/1817/319 29/1829/325 668/1830/325 667/1818/319
f 379/1821/321 380/1831/326 1019/1832/326 1018/1822/321
f 313/1823/322 314/1833/327 953/1834/327 952/1824/322
f 154/1835/328 155/1836/329 794/1837/329 793/1838/328
f 461/1839/59 462/1809/316 1101/1812/316 1100/1840/59
f 209/1841/330 210/1737/284 849/1738/284 848/1842/330
f 155/1836/329 156/1843/331 795/1844/331 794/1837/329
f 506/1845/320 507/1846/332 1146/1847/332 1145/1848/320
f 24/1849/333 25/1805/314 664/1806/314 663/1850/333
f 389/1851/334 390/1813/317 1029/1814/317 1028/1852/334
f 426/1853/335 427/1815/318 1066/1816/318 1065/1854/335
f 283/1855/336 284/1801/312 923/1802/312 922/1856/336
f 29/1829/325 30/1857/337 669/1858/337 668/1830/325
f 147/1753/290 148/1859/338 787/1860/338 786/1754/290
f 380/1831/326 381/1861/339 1020/1862/339 1019/1832/326
f 314/1833/327 315/1863/340 954/1864/340 953/1834/327
f 294/1825/323 295/1865/341 934/1866/341 933/1826/323
f 460/1867/342 461/1839/59 1100/1840/59 1099/1868/342
f 507/1846/332 508/1869/343 1147/1870/343 1146/1847/332
f 381/1861/339 382/1871/344 1021/1872/344 1020/1862/339
f 315/1863/340 316/1873/345 955/1874/345 954/1864/340
f 23/1875/346 24/1849/333 663/1850/333 662/1876/346
f 153/1877/347 154/1835/328 793/1838/328 792/1878/347
f 282/1879/348 283/1855/336 922/1856/336 921/1880/348
f 30/1857/337 31/1881/349 670/1882/349 669/1858/337
f 168/1788/306 169/1883/350 808/1884/350 807/1789/306
f 508/1869/351 509/1885/352 1148/1886/352 1147/1870/351
f 382/1871/344 383/1887/353 1022/1888/353 1021/1872/344
f 316/1873/345 317/1889/354 956/1890/354 955/1874/345
f 225/1803/313 226/1891/355 865/1892/355 864/1804/313
f 31/1881/349 32/1893/356 671/1894/356 670/1882/349
f 295/1865/341 296/1895/357 935/1896/357 934/1866/341
f 165/1897/358 166/1827/324 805/1828/324 804/1898/358
f 459/1899/359 460/1867/360 1099/1868/360 1098/1900/359
f 388/1901/299 389/1851/334 1028/1852/334 1027/1902/299
f 425/1903/361 426/1853/335 1065/1854/335 1064/1904/361
f 156/1843/331 157/1905/362 796/1906/362 795/1844/331
f 383/1887/353 384/1907/363 1023/1908/363 1022/1888/353
f 317/1889/354 318/1909/364 957/1910/364 956/1890/354
f 22/1911/365 23/1875/346 662/1876/346 661/1912/365
f 458/1913/366 459/1899/359 1098/1900/359 1097/1914/366
f 208/1915/367 209/1841/330 848/1842/330 847/1916/367
f 32/1893/356 33/1917/368 672/1918/368 671/1894/356
f 509/1885/352 510/1919/369 1149/1920/369 1148/1886/352
f 384/1907/363 385/1921/370 1024/1922/370 1023/1908/363
f 318/1909/364 319/1923/371 958/1924/371 957/1910/364
f 164/1925/372 165/1897/358 804/1898/358 803/1926/372
f 281/1927/373 282/1879/348 921/1880/348 920/1928/373
f 33/1917/368 34/1929/374 673/1930/374 672/1918/368
f 157/1905/362 158/1931/375 797/1932/375 796/1906/362
f 319/1923/371 320/1933/376 959/1934/376 958/1924/371
f 296/1895/357 297/1935/377 936/1936/377 935/1896/357
f 457/1937/378 458/1913/366 1097/1914/366 1096/1938/378
f 387/1939/379 388/1901/299 1027/1902/299 1026/1940/379
f 169/1883/350 170/1941/380 809/1942/380 808/1884/350
f 510/1919/369 511/1943/381 1150/1944/381 1149/1920/369
f 385/1921/370 386/1945/382 1025/1946/382 1024/1922/370
f 21/1947/383 22/1911/365 661/1912/365 660/1948/383
f 386/1945/382 387/1939/379 1026/1940/379 1025/1946/382
f 424/1949/384 425/1903/361 1064/1904/361 1063/1950/384
f 280/1951/385 281/1927/373 920/1928/373 919/1952/385
f 34/1929/374 35/1953/386 674/1954/386 673/1930/374
f 484/1955/387 485/1956/388 1124/1957/388 1123/1958/387
f 320/1959/376 321/1960/389 960/1961/389 959/1962/376
f 226/1891/355 227/1963/390 866/1964/390 865/1892/355
f 152/1965/391 153/1877/347 792/1878/347 791/1966/391
f 456/1967/392 457/1968/378 1096/1969/378 1095/1970/392
f 35/1953/386 36/1971/393 675/1972/393 674/1954/386
f 511/1973/381 512/1974/394 1151/1975/394 1150/1976/381
f 483/1977/395 484/1955/387 1123/1958/387 1122/1978/395
f 321/1960/389 322/1979/396 961/1980/396 960/1961/389
f 163/1981/397 164/1925/372 803/1926/372 802/1982/397
f 485/1956/388 486/1983/398 1125/1984/398 1124/1957/388
f 207/1985/399 208/1915/367 847/1916/367 846/1986/399
f 158/1931/375 159/1987/400 798/1988/400 797/1932/375
f 297/1935/377 298/1989/401 937/1990/401 936/1936/377
f 20/1991/402 21/1947/383 660/1948/383 659/1992/402
f 423/1993/403 424/1949/384 1063/1950/384 1062/1994/403
f 36/1971/393 37/1995/404 676/1996/404 675/1972/393
f 482/1997/405 483/1977/395 1122/1978/395 1121/1998/405
f 322/1979/396 323/1999/406 962/2000/406 961/1980/396
f 162/2001/407 163/1981/397 802/1982/397 801/2002/407
f 455/2003/408 456/1967/392 1095/1970/392 1094/2004/408
f 486/1983/398 487/2005/409 1126/2006/409 1125/1984/398
f 279/2007/410 280/1951/385 919/1952/385 918/2008/410
f 37/1995/404 38/2009/411 677/2010/411 676/1996/404
f 159/1987/400 160/2011/412 799/2012/412 798/1988/400
f 512/1974/394 513/2013/413 1152/2014/413 1151/1975/394
f 323/1999/406 324/2015/414 963/2016/414 962/2000/406
f 227/1963/390 228/2017/415 867/2018/415 866/1964/390
f 170/2019/380 171/2020/416 810/2021/416 809/2022/380
f 481/2023/417 482/1997/405 1121/1998/405 1120/2024/417
f 298/1989/401 299/2025/418 938/2026/418 937/1990/401
f 19/2027/419 20/2028/402 659/2029/402 658/2030/419
f 627/2031/420 628/1783/421 1267/1784/421 1266/2032/420
f 487/2005/409 488/2033/422 1127/2034/422 1126/2006/409
f 422/2035/423 423/1993/403 1062/1994/403 1061/2036/423
f 38/2037/411 39/2038/109 678/2039/109 677/2040/411
f 628/1783/421 629/2041/424 1268/2042/424 1267/1784/421
f 324/2015/414 325/2043/425 964/2044/425 963/2016/414
f 39/2038/426 40/2045/427 679/2046/427 678/2039/426
f 151/2020/428 152/2047/391 791/2022/391 790/2021/428
f 206/2048/429 207/1985/399 846/1986/399 845/2049/429
f 160/2011/412 161/2050/430 800/2051/430 799/2012/412
f 480/2052/431 481/2023/417 1120/2024/417 1119/2053/431
f 325/2043/425 326/2054/432 965/2055/432 964/2044/425
f 40/2045/427 41/2056/433 680/2057/433 679/2046/427
f 161/2050/430 162/2001/407 801/2002/407 800/2051/430
f 626/2058/434 627/2031/420 1266/2032/420 1265/2059/434
f 488/2033/422 489/2060/435 1128/2061/435 1127/2034/422
f 278/2062/436 279/2007/410 918/2008/410 917/2063/436
f 171/2020/416 172/2064/437 811/2065/437 810/2021/416
f 629/2041/424 630/2066/438 1269/2067/438 1268/2042/424
f 299/2025/418 300/2068/439 939/2069/439 938/2026/418
f 41/2070/433 42/2071/440 681/2072/440 680/2073/433
f 421/2074/441 422/2035/423 1061/2036/423 1060/2075/441
f 479/2076/442 480/2052/431 1119/2053/431 1118/2077/442
f 326/2054/432 327/2078/443 966/2079/443 965/2055/432
f 228/2017/415 229/2080/444 868/2081/444 867/2018/415
f 42/2071/440 43/2082/445 682/2083/445 681/2072/440
f 150/2064/446 151/2020/428 790/2021/428 789/2084/446
f 625/1497/447 626/2058/434 1265/2059/434 1264/1498/447
f 489/2060/435 490/2085/448 1129/2086/448 1128/2061/435
f 630/2066/438 631/2087/449 1270/2088/449 1269/2067/438
f 43/2082/445 44/2089/450 683/2090/450 682/2083/445
f 125/2091/126 126/1807/315 765/1808/315 764/2092/126
f 420/2093/451 421/2074/441 1060/2075/441 1059/2094/451
f 277/2095/452 278/2062/436 917/2063/436 916/2096/452
f 148/1859/338 101/2091/425 740/2092/425 787/1860/338
f 478/2097/453 479/2076/442 1118/2077/442 1117/2098/453
f 327/2078/443 328/2099/454 967/2100/454 966/2079/443
f 44/2089/450 45/2101/455 684/2102/455 683/2090/450
f 454/2103/456 455/2003/408 1094/2004/408 1093/2104/456
f 490/2105/448 491/2106/457 1130/2107/457 1129/2108/448
f 205/2109/126 206/2048/429 845/2049/429 844/2110/126
f 172/2064/437 173/2091/458 812/2092/458 811/2065/437
f 513/2013/413 514/2111/459 1153/2112/459 1152/2014/413
f 300/2068/439 253/2113/460 892/2114/460 939/2069/439
f 45/2101/455 46/2115/461 685/2116/461 684/2102/455
f 419/2117/462 420/2093/451 1059/2094/451 1058/2118/462
f 477/2119/463 478/2120/453 1117/2121/453 1116/2122/463
f 328/2099/454 329/2123/464 968/2124/464 967/2100/454
f 46/2115/461 47/2125/465 686/2126/465 685/2116/461
f 149/2091/466 150/2064/446 789/2084/446 788/2092/466
f 624/2127/467 625/1497/447 1264/1498/447 1263/2128/467
f 491/2106/457 492/2129/468 1131/2130/468 1130/2107/457
f 276/2131/469 277/2095/452 916/2096/452 915/2132/469
f 101/2091/425 102/2133/470 741/2134/470 740/2092/425
f 631/2087/449 632/2135/471 1271/2136/471 1270/2088/449
f 229/2080/444 230/2137/472 869/2138/472 868/2081/444
f 47/2125/465 48/2139/473 687/2140/473 686/2126/465
f 418/2141/474 419/2117/462 1058/2118/462 1057/2142/474
f 476/2143/475 477/2119/463 1116/2122/463 1115/2144/475
f 329/2123/464 330/2145/476 969/2146/476 968/2124/464
f 253/2113/460 254/2147/477 893/2148/477 892/2114/460
f 48/2139/473 49/2149/478 688/2150/478 687/2140/473
f 196/2151/479 149/2091/466 788/2092/466 835/2152/479
f 623/2153/480 624/2127/467 1263/2128/467 1262/2154/480
f 492/2129/468 493/2155/481 1132/2156/481 1131/2130/468
f 173/2091/458 174/2151/482 813/2152/482 812/2092/458
f 632/2135/471 633/2157/483 1272/2158/483 1271/2136/471
f 49/2149/478 50/2159/484 689/2160/484 688/2150/478
f 417/2161/485 418/2141/474 1057/2142/474 1056/2162/485
f 252/2163/486 205/2109/126 844/2110/126 891/2164/486
f 475/2165/487 476/2143/475 1115/2144/475 1114/2166/487
f 330/2167/476 331/2168/488 970/2169/488 969/2170/476
f 124/2171/489 125/2091/126 764/2092/126 763/2172/489
f 453/2173/490 454/2103/456 1093/2104/456 1092/2174/490
f 493/2155/481 494/2175/491 1133/2176/491 1132/2156/481
f 275/2177/492 276/2131/469 915/2132/469 914/2178/492
f 50/2159/484 51/2179/322 690/2180/322 689/2160/484
f 185/2181/493 186/2182/494 825/2183/494 824/2184/493
f 514/2111/459 515/2185/495 1154/2186/495 1153/2112/459
f 331/2168/488 332/2187/496 971/2188/496 970/2169/488
f 254/2147/477 255/2189/497 894/2190/497 893/2148/477
f 184/2191/498 185/2181/493 824/2184/493 823/2192/498
f 474/2193/499 475/2165/487 1114/2166/487 1113/2194/499
f 230/2137/472 231/2195/500 870/2196/500 869/2138/472
f 18/2197/501 19/2027/419 658/2030/419 657/2198/501
f 186/2182/494 187/2199/502 826/2200/502 825/2183/494
f 622/2201/503 623/2153/480 1262/2154/480 1261/2202/503
f 494/2175/491 495/2203/504 1134/2204/504 1133/2176/491
f 416/2205/505 417/2161/485 1056/2162/485 1055/2206/505
f 51/2179/322 52/2207/506 691/2208/506 690/2180/322
f 633/2157/483 634/2209/507 1273/2210/507 1272/2158/483
f 332/2187/496 333/2211/508 972/2212/508 971/2188/496
f 251/2213/509 252/2163/486 891/2164/486 890/2214/509
f 52/2207/506 53/2215/510 692/2216/510 691/2208/506
f 183/2217/227 184/2191/498 823/2192/498 822/2218/227
f 473/2219/511 474/2193/499 1113/2194/499 1112/2220/511
f 187/2199/502 188/2221/512 827/2222/512 826/2200/502
f 621/2223/513 622/2224/503 1261/2225/503 1260/2226/513
f 495/2203/504 496/2227/514 1135/2228/514 1134/2204/504
f 415/2229/515 416/2205/505 1055/2206/505 1054/2230/515
f 274/2231/516 275/2177/492 914/2178/492 913/2232/516
f 53/2215/510 54/2233/517 693/2234/517 692/2216/510
f 634/2235/507 635/2236/518 1274/2237/518 1273/2238/507
f 333/2211/508 334/2239/519 973/2240/519 972/2212/508
f 255/2189/497 256/2241/520 895/2242/520 894/2190/497
f 182/2243/521 183/2217/227 822/2218/227 821/2244/521
f 515/2185/495 516/2245/522 1155/2246/522 1154/2186/495
f 334/2239/519 335/2247/523 974/2248/523 973/2240/519
f 231/2195/500 232/2249/524 871/2250/524 870/2196/500
f 17/2251/525 18/2197/501 657/2198/501 656/2252/525
f 54/2233/517 55/2253/526 694/2254/526 693/2234/517
f 195/2255/527 196/2151/479 835/2152/479 834/2256/527
f 335/2247/523 336/2257/528 975/2258/528 974/2248/523
f 174/2151/482 175/2255/529 814/2256/529 813/2152/482
f 452/2259/530 453/2173/490 1092/2174/490 1091/2260/530
f 273/2261/531 274/2231/516 913/2232/516 912/2262/531
f 55/2253/526 56/2263/532 695/2264/532 694/2254/526
f 472/2265/533 473/2219/511 1112/2220/511 1111/2266/533
f 188/2221/512 189/2267/534 828/2268/534 827/2222/512
f 620/2269/535 621/2223/513 1260/2226/513 1259/2270/535
f 414/2271/536 415/2272/515 1054/2273/515 1053/2274/536
f 250/2275/537 251/2213/509 890/2214/509 889/2276/537
f 56/2263/532 57/2277/538 696/2278/538 695/2264/532
f 635/2236/518 636/2279/539 1275/2280/539 1274/2237/518
f 570/2281/540 571/2282/541 1210/2283/541 1209/2284/540
f 336/2257/528 337/2285/542 976/2286/542 975/2258/528
f 256/2241/520 257/2287/543 896/2288/543 895/2242/520
f 571/2282/541 572/2289/544 1211/2290/544 1210/2283/541
f 181/2291/545 182/2243/521 821/2244/521 820/2292/545
f 516/2245/522 517/2293/546 1156/2294/546 1155/2246/522
f 337/2295/109 338/2296/109 977/2297/109 976/2298/109
f 16/2299/547 17/2251/525 656/2252/525 655/2300/547
f 189/2267/534 190/2301/548 829/2302/548 828/2268/534
f 572/2289/544 573/2303/549 1212/2304/549 1211/2290/544
f 272/2305/550 273/2261/531 912/2262/531 911/2306/550
f 57/2307/538 58/2308/551 697/2309/551 696/2310/538
f 232/2249/524 233/2311/552 872/2312/552 871/2250/524
f 451/2313/553 452/2259/530 1091/2260/530 1090/2314/553
f 413/2315/554 414/2271/536 1053/2274/536 1052/2316/554
f 58/2308/551 59/2317/555 698/2318/555 697/2309/551
f 180/2319/556 181/2291/545 820/2292/545 819/2320/556
f 569/2321/557 570/2322/540 1209/2323/540 1208/2324/557
f 257/2287/543 258/2325/558 897/2326/558 896/2288/543
f 619/2327/559 620/2269/535 1259/2270/535 1258/2328/559
f 412/2329/560 413/2315/554 1052/2316/554 1051/2330/560
f 123/2331/561 124/2171/489 763/2172/489 762/2332/561
f 636/2279/539 637/2333/562 1276/2334/562 1275/2280/539
f 588/2335/563 589/2336/564 1228/2337/564 1227/2338/563
f 15/2339/565 16/2299/547 655/2300/547 654/2340/565
f 102/2133/470 103/2341/566 742/2342/566 741/2134/470
f 589/2336/564 590/2343/567 1229/2344/567 1228/2337/564
f 411/2345/568 412/2329/560 1051/2330/560 1050/2346/568
f 249/2347/569 250/2275/537 889/2276/537 888/2348/569
f 59/2317/555 60/2349/570 699/2350/570 698/2318/555
f 618/2351/571 619/2327/559 1258/2328/559 1257/2352/571
f 410/2353/572 411/2345/573 1050/2346/573 1049/2354/572
f 271/2355/574 272/2305/550 911/2306/550 910/2356/574
f 60/2349/570 61/2357/575 700/2358/575 699/2350/570
f 194/2359/576 195/2255/527 834/2256/527 833/2360/576
f 517/2293/546 518/2361/577 1157/2362/577 1156/2294/546
f 587/2363/578 588/2335/563 1227/2338/563 1226/2364/578
f 258/2325/558 259/2365/579 898/2366/579 897/2326/558
f 175/2367/529 176/2368/580 815/2369/580 814/2370/529
f 590/2371/567 591/2372/581 1230/2373/581 1229/2374/567
f 409/2375/582 410/2353/572 1049/2354/572 1048/2376/582
f 637/2333/562 638/2377/583 1277/2378/583 1276/2334/562
f 233/2311/552 234/2379/584 873/2380/584 872/2312/552
f 14/2381/585 15/2339/565 654/2340/565 653/2382/585
f 190/2301/548 191/2383/586 830/2384/586 829/2302/548
f 573/2303/549 574/2385/587 1213/2386/587 1212/2304/549
f 408/2387/588 409/2375/582 1048/2376/582 1047/2388/588
f 61/2357/575 62/2389/589 701/2390/589 700/2358/575
f 450/2391/590 451/2313/553 1090/2314/553 1089/2392/590
f 407/2393/591 408/2387/588 1047/2388/588 1046/2394/591
f 270/2395/592 271/2355/574 910/2356/574 909/2396/592
f 62/2389/589 63/2397/593 702/2398/593 701/2390/589
f 179/2399/594 180/2319/556 819/2320/556 818/2400/594
f 586/2401/595 587/2363/578 1226/2364/578 1225/2402/595
f 191/2383/586 192/2403/596 831/2404/596 830/2384/586
f 617/2405/597 618/2351/571 1257/2352/571 1256/2406/597
f 406/2407/598 407/2408/591 1046/2409/591 1045/2410/598
f 248/2411/599 249/2347/569 888/2348/569 887/2412/599
f 638/2377/583 639/2413/600 1278/2414/600 1277/2378/583
f 568/2415/601 569/2321/557 1208/2324/557 1207/2416/601
f 338/2285/602 339/2417/603 978/2418/603 977/2286/602
f 259/2365/579 260/2419/604 899/2420/604 898/2366/579
f 13/2421/605 14/2381/585 653/2382/585 652/2422/605
f 591/2372/581 544/2227/606 1183/2228/606 1230/2373/581
f 63/2397/593 64/2423/607 703/2424/607 702/2398/593
f 178/2425/608 179/2399/594 818/2400/594 817/2426/608
f 518/2361/577 519/2427/609 1158/2428/609 1157/2362/577
f 574/2385/587 575/2429/610 1214/2430/610 1213/2386/587
f 405/2431/611 406/2407/598 1045/2410/598 1044/2432/611
f 269/2433/612 270/2395/592 909/2396/592 908/2434/612
f 64/2423/607 65/2435/613 704/2436/613 703/2424/607
f 193/2437/614 194/2438/576 833/2439/576 832/2440/614
f 339/2417/603 340/2441/615 979/2442/615 978/2418/603
f 260/2419/604 261/2443/616 900/2444/616 899/2420/604
f 176/2368/580 177/2445/617 816/2446/617 815/2369/580
f 449/2447/618 450/2391/590 1089/2392/590 1088/2448/618
f 585/2449/619 586/2401/595 1225/2402/595 1224/2450/619
f 340/2441/615 341/2451/620 980/2452/620 979/2442/615
f 234/2379/584 235/1137/10 874/1140/10 873/2380/584
f 12/2453/621 13/2421/605 652/2422/605 651/2454/621
f 192/2403/596 193/2437/614 832/2440/614 831/2404/596
f 616/2455/622 617/2405/597 1256/2406/597 1255/2456/622
f 575/2429/610 576/1149/16 1215/1152/16 1214/2430/610
f 65/2435/613 66/2457/623 705/2458/623 704/2436/613
f 639/2413/600 592/2455/624 1231/2456/624 1278/2414/600
f 341/2451/620 342/2459/625 981/2460/625 980/2452/620
f 268/2461/626 269/2433/612 908/2434/612 907/2462/626
f 66/2457/623 67/2463/627 706/2464/627 705/2458/623
f 177/2445/617 178/2425/608 817/2426/608 816/2446/617
f 519/2427/609 520/2465/628 1159/2466/628 1158/2428/609
f 584/1180/32 585/2449/619 1224/2450/619 1223/1181/32
f 404/2467/629 405/2431/611 1044/2432/611 1043/2468/629
f 247/1208/45 248/2411/599 887/2412/599 886/1209/45
f 567/1196/39 568/2415/601 1207/2416/601 1206/1197/39
f 342/2459/625 343/2469/630 982/2470/630 981/2460/625
f 261/2443/616 262/2471/631 901/2472/631 900/2444/616
f 11/1142/13 12/2453/621 651/2454/621 650/1143/13
f 448/1158/21 449/2447/618 1088/2448/618 1087/1159/21
f 496/2227/514 497/1249/63 1136/1252/63 1135/2228/514
f 67/2463/627 68/2473/57 707/2474/57 706/2464/627
f 122/2475/632 123/2331/561 762/2332/561 761/2476/632
f 343/2469/630 344/1133/8 983/1136/8 982/2470/630
f 103/2341/566 104/1145/14 743/1148/14 742/2342/566
f 615/1202/42 616/2455/622 1255/2456/622 1254/1203/42
f 544/2227/606 545/1231/56 1184/1234/56 1183/2228/606
f 267/2477/25 268/2461/626 907/2462/626 906/2478/25
f 68/2473/57 69/1153/18 708/1156/18 707/2474/57
f 592/2455/624 593/1175/29 1232/1178/29 1231/2456/624
f 262/2471/631 263/2479/34 902/2480/34 901/2472/631
f 403/1162/23 404/2467/629 1043/2468/629 1042/1163/23
f 121/1172/28 122/2475/632 761/2476/632 760/1173/28
f 520/2465/628 521/1241/60 1160/1244/60 1159/2466/628
f 471/1272/74 472/2265/533 1111/2266/533 1110/1273/74
